FIPS,COUNTYNAME,STATE,TIME_ZONE,CWA,FE_AREA,LATITUDE,LONGITUDE,PERCENTAGE_GBIF_OBS_ON_AG_LAND,PERCENTAGE_OF_AG_LAND_WITHIN_1KM_GBIF_OBS,PERCENT_AGRICULTURE,GEOMEAN_SCORE,TOTAL_GBIF_OBS_COUNT_2023,GBIF_AG_OBS_COUNT_2023,GBIF_OBS_DENSITY_KM2,OBSERVATIONAL_DISPARITY,PERCENT_DEVELOPED,PERCENT_FOREST,AREA_KM2,AG_AREA_KM2,COVERED_AG_AREA_KM2,POPULATION_DENSITY_2023_KM2,POPULATION_ESTIMATE_2023,MEDIAN_HOUSEHOLD_INCOME_2022,MEDIAN_HOUSEHOLD_INCOME_PERCENT_OF_STATE_TOTAL_2022,PERCENT_ADULTS_BACHELORS_DEGREE_2023,PERCENT_POVERTY_2023,UNEMPLOYMENT_RATE_2023,RANK
21113,Jessamine,KY,E,LMK,cc,37.872,-84.5809,0.55659,0.86262,0.60359,0.66176,15648,8710,34.62540,1.08444,0.17345,0.21216,451.9305,272.7807,235.3056,121.74,55017,69200,1.168,0.324,0.103,0.035,Top
48473,Waller,TX,C,HGX,se,30.011,-95.9877,0.57399,0.65852,0.68560,0.63755,28106,16133,20.93097,1.19445,0.12428,0.09321,1342.7915,920.6179,606.2408,47.33,63553,75200,1.041,0.266,0.139,0.046,Top
27147,Steele,MN,C,MPX,sc,44.0223,-93.226,0.59786,0.46064,0.83779,0.61334,10958,6551,9.79100,1.40131,0.09649,0.02466,1119.2294,937.6792,431.9366,33.43,37421,75500,0.917,0.297,0.078,0.030,Top
21215,Spencer,KY,E,LMK,cc,38.0325,-85.3279,0.93721,0.51729,0.46350,0.60796,28260,26486,56.89373,0.49455,0.09754,0.41286,496.7076,230.2240,119.0935,41.33,20531,102000,1.714,0.221,0.070,0.037,Top
48051,Burleson,TX,C,HGX,se,30.4924,-96.621,0.56408,0.46510,0.66805,0.55963,27519,15523,15.67600,1.18432,0.07214,0.18276,1755.4960,1172.7591,545.4554,11.09,19475,62100,0.859,0.231,0.139,0.036,Top
39101,Marion,OH,E,CLE,nc,40.5873,-83.1609,0.39966,0.54693,0.78108,0.55476,38363,15332,36.64805,1.95436,0.12747,0.07266,1046.7852,817.6230,447.1859,61.95,64851,59000,0.897,0.137,0.160,0.034,Top
29011,Barton,MO,C,SGF,sw,37.5023,-94.3471,0.64031,0.32367,0.79860,0.54904,6851,4387,4.43258,1.24721,0.05795,0.10079,1545.6932,1234.3906,399.5295,7.59,11731,49900,0.770,0.180,0.155,0.030,Top
17153,Pulaski,IL,C,PAH,ss,37.2228,-89.1267,0.31538,0.84679,0.61700,0.54823,4942,1559,9.38076,1.95637,0.07415,0.17825,526.7953,325.0327,275.2353,9.32,4911,44900,0.585,0.119,0.224,0.077,Top
17007,Boone,IL,C,LOT,nc,42.3231,-88.8234,0.30963,0.64873,0.78994,0.54138,12276,3801,16.80979,2.55124,0.14071,0.04415,730.3118,576.9025,374.2534,72.85,53202,83700,1.091,0.232,0.108,0.070,Top
39117,Morrow,OH,E,CLE,nc,40.524,-82.7941,0.28270,0.80463,0.67119,0.53447,12608,3564,11.95274,2.37421,0.09898,0.21917,1054.8580,708.0101,569.6873,33.74,35595,71800,1.092,0.182,0.108,0.035,Top
36121,Wyoming,NY,E,BUF,ww,42.7023,-78.2245,0.47696,0.66417,0.47735,0.53276,38203,18221,24.73355,1.00082,0.08241,0.35701,1544.5693,737.3002,489.6907,25.59,39532,65500,0.825,0.182,0.106,0.039,Top
27157,Wabasha,MN,C,ARX,se,44.2842,-92.2303,0.55216,0.44397,0.61543,0.53235,22722,12546,15.95585,1.11459,0.06914,0.22306,1424.0396,876.3967,389.0969,15.23,21683,79000,0.959,0.266,0.081,0.027,Top
21141,Logan,KY,C,LMK,sc,36.8597,-86.8789,0.86888,0.27408,0.63101,0.53165,25622,22262,17.75501,0.72623,0.07988,0.27639,1443.0814,910.5988,249.5734,19.60,28283,56800,0.959,0.166,0.148,0.041,Top
47095,Lake,TN,C,MEG,we,36.3352,-89.4935,0.28372,0.83968,0.62072,0.52881,13816,3920,27.53302,2.18779,0.04197,0.00323,501.8079,311.4822,261.5452,12.65,6347,38100,0.584,0.094,0.340,0.043,Top
27133,Rock,MN,C,FSD,sw,43.6747,-96.2532,0.44332,0.35120,0.91707,0.52267,5761,2554,4.60680,2.06864,0.06549,0.00393,1250.5534,1146.8450,402.7761,7.64,9551,69800,0.848,0.263,0.098,0.018,Top
39175,Wyandot,OH,E,CLE,nw,40.8424,-83.3044,0.46928,0.38179,0.79118,0.52141,16171,7589,15.31784,1.68594,0.09574,0.09030,1055.7166,835.2619,318.8952,20.32,21457,65600,0.998,0.207,0.088,0.026,Top
21167,Mercer,KY,E,LMK,cc,37.8111,-84.8744,0.55242,0.38778,0.65614,0.51994,10798,5965,16.47512,1.18776,0.09455,0.23610,655.4080,430.0394,166.7608,35.24,23097,65300,1.102,0.225,0.134,0.041,Top
18107,Montgomery,IN,E,IND,wc,40.0404,-86.8933,0.53518,0.33057,0.79109,0.51919,9419,5041,7.19732,1.47818,0.09400,0.10557,1308.7050,1035.3034,342.2359,29.47,38573,66300,0.993,0.195,0.109,0.028,Top
1083,Limestone,AL,C,HUN,nc,34.8101,-86.9813,0.40836,0.65192,0.52467,0.51885,42756,17460,27.19507,1.28482,0.14098,0.18164,1572.2140,824.8935,537.7607,72.93,114654,83200,1.393,0.304,0.086,0.021,Top
6113,Yolo,CA,P,STO,cc,38.6867,-121.9016,0.37810,0.65996,0.55863,0.51850,260935,98660,98.49269,1.47747,0.07954,0.00125,2649.2831,1479.9690,976.7216,83.25,220544,82400,0.900,0.441,0.153,0.047,Top
17003,Alexander,IL,C,PAH,ss,37.1915,-89.3376,0.39357,0.89295,0.39040,0.51577,9081,3574,13.88457,0.99195,0.06152,0.31288,654.0413,255.3377,228.0035,7.18,4695,41400,0.539,0.126,0.258,0.063,Top
39005,Ashland,OH,E,CLE,nc,40.846,-82.2707,0.35226,0.66321,0.57926,0.51341,19633,6916,17.75905,1.64441,0.11922,0.27477,1105.5323,640.3906,424.7124,47.21,52190,62000,0.943,0.221,0.135,0.034,Top
18183,Whitley,IN,E,IWX,ne,41.1394,-85.5052,0.46238,0.39435,0.72871,0.51029,7883,3645,9.00514,1.57600,0.11599,0.11182,875.4010,637.9135,251.5641,39.69,34742,72400,1.085,0.228,0.085,0.027,Top
24021,Frederick,MD,E,LWX,nc,39.4722,-77.3981,0.29895,0.96778,0.45618,0.50914,152911,45713,88.46020,1.52594,0.19483,0.32434,1728.5883,788.5474,763.1390,169.73,293391,117000,1.230,0.449,0.064,0.020,Top
48467,Van Zandt,TX,C,FWD,nc,32.5637,-95.8365,0.50887,0.39878,0.64788,0.50848,10444,5315,4.69189,1.27317,0.08297,0.15025,2225.9971,1442.1790,575.1069,28.75,64000,57700,0.798,0.182,0.120,0.035,Top
21185,Oldham,KY,E,LMK,cc,38.3995,-85.4485,0.47699,0.71098,0.38681,0.50811,22218,10598,43.64815,0.81094,0.21648,0.35394,509.0329,196.8990,139.9921,137.88,70183,116000,1.961,0.456,0.058,0.034,Top
48481,Wharton,TX,C,HGX,se,29.2779,-96.2221,0.47006,0.33470,0.83246,0.50784,12911,6069,4.55549,1.77097,0.06082,0.05429,2834.1757,2359.3379,789.6728,14.73,41739,57500,0.795,0.192,0.153,0.039,Top
39023,Clark,OH,E,ILN,wc,39.9168,-83.7835,0.29374,0.66936,0.66210,0.50682,41360,12149,39.56995,2.25403,0.21248,0.10264,1045.2301,692.0468,463.2318,128.79,134610,57300,0.870,0.185,0.152,0.036,Top
21105,Hickman,KY,C,PAH,ww,36.6781,-88.9761,0.37348,0.51825,0.66811,0.50569,444,166,0.67838,1.78888,0.05442,0.08856,655.1818,437.7335,226.8565,6.79,4447,53800,0.909,0.144,0.187,0.045,Top
55055,Jefferson,WI,C,MKX,se,43.0209,-88.7759,0.31367,0.69969,0.57967,0.50295,80807,25347,53.53643,1.84802,0.12221,0.06201,1509.3924,874.9495,612.1975,56.81,85743,78700,1.108,0.281,0.093,0.028,Top
31015,Boyd,NE,C,LBF,nc,42.8997,-98.7665,0.00000,0.13085,0.25463,0.00000,842,0,0.59693,0.00000,0.02886,0.04044,1410.4194,359.1351,46.9918,1.22,1725,54400,0.780,0.196,0.126,0.024,Bottom
31175,Valley,NE,C,GID,cc,41.5673,-98.9819,0.00000,0.06920,0.34639,0.00000,569,0,0.38503,0.00000,0.04031,0.00718,1477.7939,511.8930,35.4247,2.71,4012,55100,0.788,0.276,0.119,0.022,Bottom
30021,Dawson,MT,M,GGW,ne,47.2664,-104.8994,0.00072,0.04281,0.25254,0.01982,2768,2,0.44853,350.75000,0.02329,0.00958,6172.2929,1558.7508,66.7373,1.43,8810,60800,0.895,0.255,0.127,0.026,Bottom
8121,Washington,CO,M,BOU,ne,39.971,-103.2013,0.00094,0.05452,0.49838,0.02945,12812,12,1.95982,530.19149,0.02806,0.00001,6537.3314,3258.0752,177.6265,0.74,4855,61500,0.690,0.249,0.142,0.023,Bottom
38087,Slope,ND,M,BIS,sw,46.4472,-103.4599,0.00072,0.13512,0.33347,0.03189,5524,4,1.74937,463.15278,0.02493,0.01316,3157.6696,1052.9881,142.2746,0.21,674,69200,0.946,0.228,0.143,0.024,Bottom
31083,Harlan,NE,C,GID,sc,40.1765,-99.4046,0.00060,0.12729,0.53692,0.03448,4969,3,3.34117,894.86667,0.04678,0.00330,1487.1564,798.4840,101.6387,2.05,3045,62100,0.889,0.242,0.101,0.019,Bottom
46069,Hyde,SD,C,ABR,cc,44.5474,-99.4871,0.00243,0.03669,0.46412,0.03459,411,1,0.18312,190.99588,0.02455,0.00068,2244.3778,1041.6606,38.2185,0.53,1186,64400,0.912,0.211,0.112,0.018,Bottom
20067,Grant,KS,C,DDC,sw,37.5622,-101.308,0.00160,0.03826,0.71157,0.03518,626,1,0.42014,444.73125,0.04821,0.00000,1489.2569,1059.7105,40.5432,4.80,7147,66000,0.959,0.256,0.112,0.027,Bottom
30099,Teton,MT,M,TFX,nc,47.8373,-112.2408,0.00173,0.08183,0.33178,0.03608,12719,22,2.14230,191.78035,0.02530,0.10065,5937.1866,1969.8398,161.1875,1.08,6430,57100,0.840,0.259,0.133,0.029,Bottom
20083,Hodgeman,KS,C,DDC,sw,38.0875,-99.8979,0.00213,0.06532,0.46834,0.04024,1411,3,0.63342,219.87793,0.03617,0.00013,2228.1541,1043.5337,68.1643,0.74,1655,67500,0.980,0.284,0.104,0.022,Bottom
31029,Chase,NE,M,LBF,sw,40.5242,-101.6979,0.00454,0.03022,0.47704,0.04030,881,4,0.37895,105.07489,0.03110,0.00002,2324.8641,1109.0532,33.5196,1.60,3724,65000,0.931,0.241,0.098,0.017,Bottom
38025,Dunn,ND,CM,BIS,sw,47.3568,-102.6183,0.00470,0.05672,0.25197,0.04065,3194,15,0.59224,53.61064,0.03906,0.08687,5392.9268,1358.8558,77.0781,0.75,4019,82500,1.126,0.206,0.112,0.011,Bottom
20145,Pawnee,KS,C,DDC,sc,38.1814,-99.2368,0.00123,0.07789,0.73831,0.04136,816,1,0.41738,600.25203,0.05379,0.00145,1954.2740,1442.8600,112.3832,3.13,6126,47900,0.697,0.188,0.128,0.026,Bottom
48501,Yoakum,TX,C,LUB,nw,33.1729,-102.8278,0.00275,0.07352,0.45196,0.04504,1090,3,0.52639,164.34909,0.05535,0.00003,2071.3692,936.1760,68.8289,3.61,7468,62700,0.868,0.142,0.130,0.034,Bottom
48205,Hartley,TX,C,AMA,pa,35.84,-102.6029,0.00418,0.06541,0.35590,0.04600,2391,10,0.63094,85.14354,0.02754,0.00000,3789.5819,1348.7122,88.2206,1.36,5145,84200,1.164,0.231,0.085,0.021,Bottom
31073,Gosper,NE,C,GID,sc,40.5148,-99.8307,0.00214,0.09733,0.47585,0.04628,1403,3,1.17071,222.35981,0.04065,0.00007,1198.6050,570.3562,55.5102,1.54,1847,67700,0.969,0.288,0.089,0.022,Bottom
8009,Baca,CO,M,PUB,se,37.3192,-102.5605,0.00356,0.10451,0.30715,0.04853,16595,59,2.50569,86.27809,0.02214,0.00210,6623.0543,2034.2711,212.6049,0.50,3344,47100,0.529,0.241,0.202,0.020,Bottom
46053,Gregory,SD,C,FSD,sc,43.1924,-99.1856,0.00646,0.07448,0.25385,0.04962,1083,7,0.39693,39.29567,0.02803,0.06928,2728.7501,692.6932,51.5926,1.47,4018,49200,0.697,0.209,0.145,0.019,Bottom
31033,Cheyenne,NE,M,CYS,pa,41.2198,-102.995,0.00462,0.04557,0.59670,0.05008,1300,6,0.41953,129.15584,0.04012,0.00008,3098.6919,1848.9895,84.2602,3.08,9541,56600,0.811,0.221,0.123,0.024,Bottom
31057,Dundy,NE,M,GLD,sw,40.1762,-101.6879,0.00697,0.05631,0.33303,0.05075,1578,11,0.66165,47.78049,0.02538,0.00004,2384.9587,794.2628,44.7262,0.65,1561,58400,0.837,0.233,0.135,0.017,Bottom
30015,Chouteau,MT,M,TFX,nc,47.8806,-110.4352,0.00665,0.04328,0.48712,0.05195,4661,31,0.45026,73.25113,0.01931,0.02798,10352.3795,5042.8511,218.2755,0.56,5847,51100,0.753,0.226,0.150,0.032,Bottom
31101,Keith,NE,M,LBF,sw,41.1988,-101.6613,0.00269,0.17592,0.30457,0.05243,8907,24,3.09895,113.22305,0.03164,0.00050,2874.3345,875.4361,154.0051,2.82,8113,60600,0.868,0.213,0.112,0.018,Bottom
20137,Norton,KS,C,GLD,nw,39.7844,-99.9034,0.00528,0.06307,0.46400,0.05366,1326,7,0.58100,87.87879,0.04354,0.00068,2282.6738,1059.1606,66.8052,2.33,5330,56600,0.822,0.194,0.139,0.020,Bottom
20095,Kingman,KS,C,ICT,sc,37.5589,-98.1364,0.00510,0.07041,0.43142,0.05371,7249,37,3.22949,84.59216,0.05106,0.01876,2244.6433,968.3840,68.1883,3.15,7066,65600,0.953,0.238,0.119,0.027,Bottom
20029,Cloud,KS,C,TOP,nc,39.4804,-97.6495,0.00235,0.12364,0.53503,0.05377,8526,20,4.58173,227.67234,0.05200,0.03729,1860.8708,995.6217,123.1003,4.76,8854,52500,0.763,0.224,0.121,0.028,Bottom
38037,Grant,ND,M,BIS,sc,46.3583,-101.6397,0.01368,0.03661,0.31343,0.05394,439,6,0.10164,22.91155,0.02110,0.00494,4314.4004,1352.2625,49.5043,0.51,2215,44000,0.601,0.212,0.163,0.016,Bottom
30055,McCone,MT,M,GGW,ne,47.6452,-105.7953,0.01050,0.05491,0.27628,0.05421,1714,18,0.24674,26.31238,0.01509,0.00079,6948.6060,1919.7609,105.4209,0.24,1676,59100,0.870,0.214,0.146,0.020,Bottom
20105,Lincoln,KS,C,ICT,cc,39.0453,-98.2078,0.00523,0.08123,0.41222,0.05595,1339,7,0.71817,78.81836,0.04297,0.01840,1864.4658,768.5701,62.4331,1.57,2920,58000,0.843,0.215,0.118,0.021,Bottom
48165,Gaines,TX,C,MAF,ww,32.7407,-102.6352,0.00649,0.05721,0.50847,0.05737,925,6,0.23764,78.34669,0.05274,0.00005,3892.4273,1979.1825,113.2243,5.79,22523,62500,0.864,0.081,0.134,0.029,Bottom
30091,Sheridan,MT,M,GGW,ne,48.7212,-104.5046,0.00589,0.06381,0.52945,0.05838,9500,56,2.15009,89.88964,0.02862,0.00580,4418.6080,2339.4320,149.2898,0.79,3498,63000,0.927,0.247,0.119,0.023,Bottom