FIPS,"Percent of adults with a bachelor's degree or higher, 2019-23"
00000,35.0
01000,27.8
01001,28.3
01003,32.8
01005,11.5
01007,11.5
01009,15.6
01011,9.0
01013,13.8
01015,20.5
01017,14.6
01019,15.9
01021,15.2
01023,13.9
01025,15.4
01027,15.2
01029,18.2
01031,21.5
01033,20.3
01035,13.1
01037,14.9
01039,17.2
01041,16.8
01043,19.1
01045,19.3
01047,17.0
01049,13.9
01051,24.4
01053,12.5
01055,17.5
01057,15.6
01059,14.9
01061,13.3
01063,12.5
01065,16.8
01067,21.7
01069,22.8
01071,15.6
01073,35.9
01075,11.6
01077,27.1
01079,15.6
01081,41.3
01083,30.4
01085,13.9
01087,20.7
01089,45.7
01091,20.4
01093,12.8
01095,21.3
01097,25.2
01099,11.4
01101,34.3
01103,23.2
01105,16.8
01107,13.7
01109,27.3
01111,20.5
01113,16.9
01115,19.9
01117,46.2
01119,19.0
01121,16.8
01123,18.7
01125,31.4
01127,16.0
01129,16.2
01131,12.3
01133,13.4
02000,31.2
02010,
02013,18.1
02016,17.5
02020,37.7
02050,10.4
02060,25.1
02063,29.6
02066,28.4
02068,23.6
02070,19.4
02090,33.7
02100,36.9
02105,23.3
02110,40.5
02122,29.4
02130,27.0
02150,28.6
02158,5.8
02160,
02164,18.4
02170,24.3
02180,17.5
02185,14.9
02188,12.4
02195,27.5
02198,17.0
02201,
02220,34.4
02230,27.7
02231,
02232,
02240,19.6
02250,
02261,
02275,18.9
02280,
02282,14.8
02290,12.8
04000,32.6
04001,15.3
04003,27.7
04005,39.6
04007,18.8
04009,14.6
04011,20.4
04012,13.9
04013,35.9
04015,14.9
04017,17.6
04019,35.9
04021,22.2
04023,24.1
04025,29.6
04027,16.7
05000,25.1
05001,15.3
05003,12.2
05005,18.7
05007,36.6
05009,16.3
05011,15.8
05013,18.1
05015,21.1
05017,17.2
05019,25.5
05021,15.6
05023,18.3
05025,16.2
05027,20.4
05029,18.2
05031,27.8
05033,19.3
05035,17.2
05037,14.8
05039,11.1
05041,13.0
05043,23.3
05045,33.2
05047,13.2
05049,15.7
05051,26.2
05053,20.9
05055,16.5
05057,14.6
05059,15.8
05061,16.7
05063,16.9
05065,18.7
05067,13.3
05069,20.6
05071,18.1
05073,9.2
05075,14.0
05077,6.9
05079,10.9
05081,17.4
05083,15.5
05085,21.0
05087,12.8
05089,15.4
05091,16.0
05093,14.2
05095,15.6
05097,16.8
05099,11.7
05101,14.3
05103,15.1
05105,17.1
05107,14.5
05109,19.6
05111,11.9
05113,17.2
05115,24.6
05117,16.7
05119,37.4
05121,14.5
05123,12.9
05125,28.5
05127,10.8
05129,13.7
05131,24.4
05133,10.9
05135,11.9
05137,15.4
05139,18.9
05141,15.8
05143,34.6
05145,19.8
05147,15.9
05149,14.3
06000,36.5
06001,51.5
06003,42.1
06005,22.4
06007,31.7
06009,22.2
06011,14.5
06013,44.9
06015,21.0
06017,38.8
06019,23.9
06021,16.5
06023,32.1
06025,16.1
06027,31.8
06029,18.6
06031,13.9
06033,17.7
06035,13.2
06037,35.5
06039,17.1
06041,60.5
06043,30.9
06045,24.9
06047,14.8
06049,23.0
06051,34.3
06053,27.9
06055,38.5
06057,39.5
06059,43.4
06061,42.9
06063,20.5
06065,25.1
06067,33.3
06069,22.4
06071,22.9
06073,42.1
06075,60.1
06077,21.6
06079,39.2
06081,53.1
06083,35.9
06085,55.9
06087,43.6
06089,23.3
06091,24.4
06093,23.1
06095,28.4
06097,37.8
06099,19.1
06101,20.2
06103,18.8
06105,18.0
06107,15.8
06109,23.9
06111,35.7
06113,44.1
06115,17.9
08000,44.7
08001,28.0
08003,29.3
08005,45.7
08007,40.7
08009,24.1
08011,14.2
08013,63.9
08014,58.6
08015,45.4
08017,24.4
08019,56.3
08021,23.3
08023,27.8
08025,12.7
08027,35.3
08029,25.7
08031,55.6
08033,24.7
08035,60.9
08037,50.3
08039,35.2
08041,41.1
08043,21.0
08045,33.4
08047,48.4
08049,41.8
08051,59.3
08053,47.1
08055,27.1
08057,27.5
08059,50.7
08061,20.6
08063,18.4
08065,46.1
08067,47.3
08069,51.7
08071,17.3
08073,25.7
08075,18.9
08077,30.6
08079,54.5
08081,21.0
08083,30.8
08085,28.3
08087,17.6
08089,18.8
08091,54.0
08093,38.8
08095,25.7
08097,64.0
08099,18.8
08101,25.0
08103,26.6
08105,31.1
08107,52.1
08109,30.7
08111,47.2
08113,65.2
08115,27.4
08117,52.5
08119,37.8
08121,24.9
08123,32.0
08125,26.0
09000,41.9
09001,
09003,
09005,
09007,
09009,
09011,
09013,
09015,
09110,41.5
09120,41.7
09130,45.5
09140,33.8
09150,26.2
09160,39.4
09170,41.1
09180,34.6
09190,55.0
10000,35.3
10001,26.7
10003,39.2
10005,32.6
11000,63.6
11001,63.6
12000,33.2
12001,47.7
12003,15.3
12005,28.0
12007,15.0
12009,33.5
12011,35.8
12013,13.1
12015,25.3
12017,20.4
12019,28.7
12021,39.5
12023,16.3
12027,11.0
12029,8.1
12031,33.1
12033,28.9
12035,30.4
12037,25.3
12039,20.1
12041,14.5
12043,12.7
12045,24.5
12047,11.2
12049,12.3
12051,10.7
12053,20.4
12055,19.7
12057,37.2
12059,12.1
12061,33.4
12063,14.6
12065,18.8
12067,7.9
12069,26.8
12071,30.8
12073,48.6
12075,16.2
12077,15.8
12079,12.5
12081,34.3
12083,22.4
12085,36.6
12086,33.2
12087,37.8
12089,34.5
12091,34.2
12093,16.1
12095,38.4
12097,28.3
12099,39.6
12101,28.0
12103,35.8
12105,22.6
12107,14.1
12109,48.6
12111,25.4
12113,31.0
12115,39.7
12117,42.4
12119,35.1
12121,16.4
12123,15.1
12125,10.0
12127,27.2
12129,21.3
12131,34.2
12133,12.5
13000,34.2
13001,9.9
13003,9.8
13005,11.0
13007,16.9
13009,24.1
13011,17.3
13013,21.0
13015,22.9
13017,12.1
13019,12.8
13021,26.0
13023,18.3
13025,10.9
13027,13.6
13029,34.6
13031,30.8
13033,14.3
13035,13.9
13037,12.1
13039,22.4
13043,13.6
13045,22.4
13047,24.5
13049,11.4
13051,36.8
13053,27.6
13055,10.7
13057,39.5
13059,48.7
13061,22.6
13063,21.3
13065,13.0
13067,50.4
13069,13.5
13071,15.7
13073,37.8
13075,16.7
13077,34.7
13079,14.0
13081,15.5
13083,19.0
13085,35.8
13087,14.6
13089,46.7
13091,15.2
13093,13.4
13095,23.2
13097,30.8
13099,16.1
13101,14.4
13103,26.8
13105,14.9
13107,12.8
13109,15.1
13111,22.6
13113,48.1
13115,24.9
13117,56.6
13119,16.9
13121,58.0
13123,22.7
13125,14.9
13127,30.4
13129,17.7
13131,15.3
13133,36.4
13135,38.7
13137,24.2
13139,26.7
13141,8.4
13143,17.4
13145,34.7
13147,18.1
13149,11.4
13151,28.0
13153,32.3
13155,16.6
13157,27.3
13159,19.9
13161,11.5
13163,11.2
13165,7.8
13167,9.1
13169,18.4
13171,19.5
13173,19.1
13175,17.8
13177,33.5
13179,19.9
13181,16.1
13183,12.8
13185,27.1
13187,31.5
13189,17.8
13191,18.6
13193,11.0
13195,20.2
13197,13.6
13199,13.0
13201,21.9
13205,12.9
13207,28.7
13209,20.2
13211,30.1
13213,13.7
13215,29.7
13217,23.6
13219,54.9
13221,24.5
13223,27.4
13225,24.3
13227,24.9
13229,18.3
13231,21.4
13233,14.5
13235,12.0
13237,28.3
13239,9.0
13241,29.9
13243,15.0
13245,24.1
13247,29.1
13249,19.0
13251,14.7
13253,15.8
13255,17.9
13257,14.9
13259,12.3
13261,21.3
13263,15.0
13265,9.9
13267,14.6
13269,18.1
13271,10.1
13273,11.5
13275,23.6
13277,20.2
13279,19.5
13281,32.8
13283,12.8
13285,22.5
13287,11.1
13289,10.9
13291,25.7
13293,14.8
13295,20.1
13297,24.9
13299,15.0
13301,12.7
13303,17.5
13305,14.0
13307,11.3
13309,12.2
13311,24.3
13313,19.3
13315,14.1
13317,15.7
13319,12.7
13321,11.3
15000,35.5
15001,30.9
15003,37.7
15005,32.6
15007,30.2
15009,30.1
16000,31.2
16001,43.9
16003,21.3
16005,30.2
16007,20.3
16009,19.8
16011,20.8
16013,45.5
16015,29.9
16017,28.9
16019,32.2
16021,19.6
16023,13.8
16025,27.4
16027,22.8
16029,15.5
16031,20.9
16033,17.3
16035,19.4
16037,25.2
16039,21.2
16041,21.5
16043,21.8
16045,22.3
16047,17.1
16049,22.0
16051,27.2
16053,13.4
16055,28.8
16057,44.9
16059,22.9
16061,20.0
16063,11.6
16065,40.3
16067,16.8
16069,26.8
16071,26.2
16073,13.7
16075,19.6
16077,16.7
16079,11.5
16081,48.3
16083,23.0
16085,35.4
16087,19.0
17000,37.2
17001,27.0
17003,12.6
17005,21.2
17007,23.2
17009,15.1
17011,21.4
17013,18.4
17015,18.2
17017,20.0
17019,46.6
17021,16.5
17023,24.3
17025,15.6
17027,24.4
17029,27.1
17031,41.9
17033,20.6
17035,18.6
17037,32.7
17039,21.4
17041,20.2
17043,51.4
17045,20.1
17047,13.9
17049,26.0
17051,16.6
17053,19.4
17055,17.1
17057,17.6
17059,15.3
17061,16.3
17063,24.2
17065,18.5
17067,24.2
17069,12.2
17071,19.2
17073,24.3
17075,16.7
17077,35.1
17079,20.6
17081,18.4
17083,20.5
17085,28.8
17087,18.8
17089,37.5
17091,20.4
17093,36.4
17095,20.3
17097,47.0
17099,18.7
17101,14.6
17103,19.4
17105,18.5
17107,19.9
17109,31.8
17111,35.2
17113,46.9
17115,24.1
17117,18.8
17119,30.8
17121,17.3
17123,18.7
17125,17.1
17127,16.3
17129,26.5
17131,18.9
17133,38.2
17135,18.2
17137,23.3
17139,18.8
17141,24.0
17143,34.5
17145,12.3
17147,31.9
17149,18.8
17151,16.8
17153,11.9
17155,24.6
17157,14.2
17159,18.9
17161,24.1
17163,30.7
17165,20.2
17167,35.1
17169,18.9
17171,22.2
17173,17.6
17175,19.3
17177,21.7
17179,28.4
17181,20.9
17183,16.2
17185,18.7
17187,22.0
17189,24.4
17191,16.2
17193,14.9
17195,20.1
17197,36.5
17199,27.5
17201,24.6
17203,36.1
18000,28.8
18001,15.2
18003,31.1
18005,35.4
18007,18.8
18009,13.5
18011,50.5
18013,26.0
18015,15.5
18017,15.6
18019,25.5
18021,17.0
18023,16.7
18025,11.1
18027,15.1
18029,26.0
18031,20.1
18033,20.1
18035,25.7
18037,24.3
18039,19.7
18041,16.4
18043,31.3
18045,13.7
18047,19.5
18049,16.2
18051,19.0
18053,20.4
18055,14.6
18057,61.8
18059,34.2
18061,22.0
18063,39.6
18065,16.7
18067,20.0
18069,23.1
18071,20.3
18073,18.1
18075,12.7
18077,18.1
18079,13.6
18081,33.3
18083,17.8
18085,24.6
18087,11.1
18089,24.9
18091,21.7
18093,20.5
18095,20.1
18097,34.1
18099,20.4
18101,13.2
18103,16.1
18105,49.1
18107,19.5
18109,20.6
18111,13.7
18113,17.8
18115,19.0
18117,15.2
18119,17.0
18121,14.2
18123,16.5
18125,15.7
18127,30.1
18129,25.3
18131,13.7
18133,19.9
18135,14.4
18137,19.4
18139,16.8
18141,32.6
18143,12.4
18145,19.4
18147,21.2
18149,12.6
18151,24.7
18153,14.3
18155,10.0
18157,40.1
18159,24.9
18161,20.6
18163,27.1
18165,17.2
18167,25.9
18169,21.6
18171,17.2
18173,35.5
18175,13.8
18177,20.2
18179,18.9
18181,18.3
18183,22.8
19000,30.9
19001,20.0
19003,24.5
19005,19.9
19007,19.3
19009,20.6
19011,24.9
19013,30.1
19015,28.7
19017,35.2
19019,22.3
19021,22.1
19023,20.4
19025,21.5
19027,23.4
19029,21.6
19031,21.5
19033,24.3
19035,21.6
19037,19.1
19039,16.0
19041,26.0
19043,15.7
19045,22.1
19047,18.3
19049,51.6
19051,17.6
19053,24.3
19055,19.7
19057,23.8
19059,32.3
19061,32.9
19063,15.7
19065,18.2
19067,18.5
19069,18.2
19071,21.1
19073,19.8
19075,24.7
19077,24.3
19079,22.0
19081,21.4
19083,21.2
19085,21.2
19087,22.5
19089,18.7
19091,19.3
19093,20.7
19095,24.2
19097,18.4
19099,19.9
19101,41.6
19103,54.6
19105,20.7
19107,15.9
19109,22.2
19111,21.0
19113,34.8
19115,16.5
19117,14.5
19119,20.8
19121,25.5
19123,23.0
19125,33.1
19127,21.4
19129,32.0
19131,22.7
19133,18.7
19135,20.0
19137,18.7
19139,22.7
19141,22.5
19143,15.4
19145,18.8
19147,20.5
19149,23.9
19151,18.7
19153,39.5
19155,23.5
19157,28.2
19159,25.2
19161,21.2
19163,36.2
19165,23.3
19167,30.4
19169,53.3
19171,19.4
19173,15.5
19175,24.1
19177,19.4
19179,19.4
19181,32.7
19183,24.9
19185,16.0
19187,20.5
19189,25.1
19191,31.5
19193,23.4
19195,20.1
19197,23.5
20000,35.2
20001,21.3
20003,15.8
20005,22.9
20007,27.1
20009,21.7
20011,24.3
20013,18.3
20015,32.6
20017,29.3
20019,18.3
20021,20.1
20023,21.6
20025,31.0
20027,23.4
20029,22.4
20031,21.2
20033,19.2
20035,24.3
20037,32.0
20039,27.8
20041,21.9
20043,21.5
20045,52.0
20047,20.7
20049,20.6
20051,39.5
20053,22.1
20055,19.7
20057,20.7
20059,25.3
20061,24.4
20063,21.0
20065,27.4
20067,25.6
20069,24.9
20071,33.5
20073,19.0
20075,20.8
20077,21.7
20079,31.5
20081,22.2
20083,28.4
20085,21.0
20087,24.6
20089,18.8
20091,56.9
20093,14.6
20095,23.8
20097,27.6
20099,21.1
20101,24.6
20103,36.6
20105,21.5
20107,22.5
20109,26.7
20111,27.7
20113,33.1
20115,28.8
20117,18.9
20119,22.8
20121,32.1
20123,25.4
20125,21.3
20127,27.3
20129,16.6
20131,30.1
20133,21.8
20135,23.0
20137,19.4
20139,21.0
20141,23.0
20143,24.3
20145,18.8
20147,22.3
20149,36.5
20151,26.6
20153,17.3
20155,20.5
20157,25.4
20159,24.3
20161,48.0
20163,24.0
20165,21.5
20167,18.1
20169,29.1
20171,33.4
20173,31.6
20175,12.7
20177,32.3
20179,24.3
20181,25.1
20183,24.6
20185,26.3
20187,23.7
20189,16.2
20191,26.7
20193,30.2
20195,28.7
20197,26.6
20199,22.7
20201,23.3
20203,18.8
20205,21.3
20207,22.6
20209,20.5
21000,27.0
21001,18.8
21003,17.4
21005,25.7
21007,18.7
21009,17.8
21011,14.4
21013,13.9
21015,35.4
21017,25.5
21019,19.4
21021,27.4
21023,17.0
21025,16.5
21027,14.9
21029,18.9
21031,9.5
21033,18.1
21035,32.3
21037,39.5
21039,14.6
21041,8.9
21043,15.4
21045,11.8
21047,20.0
21049,22.2
21051,16.6
21053,16.5
21055,12.6
21057,17.5
21059,25.2
21061,10.3
21063,6.2
21065,9.9
21067,47.3
21069,16.4
21071,15.1
21073,31.8
21075,17.3
21077,13.2
21079,19.1
21081,15.1
21083,17.4
21085,14.6
21087,16.6
21089,18.3
21091,16.8
21093,24.4
21095,12.7
21097,20.1
21099,10.7
21101,19.0
21103,14.8
21105,14.4
21107,16.6
21109,10.3
21111,36.6
21113,32.4
21115,16.6
21117,37.6
21119,17.8
21121,13.5
21123,15.6
21125,16.5
21127,14.2
21129,7.5
21131,10.4
21133,13.7
21135,11.3
21137,15.2
21139,13.9
21141,16.6
21143,16.3
21145,27.9
21147,9.1
21149,18.4
21151,34.2
21153,13.2
21155,12.7
21157,21.0
21159,10.7
21161,21.1
21163,18.4
21165,10.9
21167,22.5
21169,13.1
21171,14.9
21173,20.8
21175,17.6
21177,13.0
21179,22.8
21181,9.5
21183,14.2
21185,45.6
21187,17.3
21189,11.4
21191,16.6
21193,14.2
21195,16.0
21197,17.3
21199,17.9
21201,13.5
21203,13.7
21205,27.0
21207,15.8
21209,33.2
21211,31.0
21213,16.8
21215,22.1
21217,22.0
21219,15.9
21221,20.3
21223,14.7
21225,11.8
21227,33.4
21229,18.9
21231,13.7
21233,12.6
21235,19.8
21237,7.4
21239,41.7
22000,26.6
22001,13.4
22003,11.6
22005,28.5
22007,13.7
22009,10.9
22011,17.8
22013,13.5
22015,27.3
22017,25.3
22019,24.7
22021,10.7
22023,15.0
22025,16.6
22027,11.0
22029,17.4
22031,14.9
22033,38.2
22035,11.0
22037,17.0
22039,12.6
22041,16.2
22043,12.8
22045,14.7
22047,16.6
22049,13.4
22051,29.9
22053,15.0
22055,34.9
22057,20.4
22059,17.4
22061,36.0
22063,20.3
22065,12.8
22067,12.7
22069,25.6
22071,42.0
22073,27.5
22075,19.8
22077,15.5
22079,22.4
22081,11.2
22083,18.1
22085,14.5
22087,17.2
22089,27.2
22091,11.7
22093,20.2
22095,18.7
22097,14.3
22099,15.3
22101,13.1
22103,36.6
22105,22.2
22107,13.1
22109,17.7
22111,16.0
22113,16.8
22115,19.1
22117,12.7
22119,12.8
22121,23.1
22123,14.1
22125,22.6
22127,16.1
23000,35.3
23001,23.4
23003,22.4
23005,52.2
23007,29.9
23009,39.2
23011,30.9
23013,39.1
23015,40.0
23017,22.5
23019,30.5
23021,21.8
23023,41.1
23025,20.3
23027,34.8
23029,24.9
23031,34.6
24000,42.7
24001,21.1
24003,45.2
24005,41.4
24009,35.3
24011,17.6
24013,39.7
24015,26.9
24017,31.6
24019,18.8
24021,44.9
24023,24.6
24025,39.5
24027,64.5
24029,37.9
24031,60.3
24033,36.1
24035,37.2
24037,35.1
24039,17.1
24041,41.3
24043,23.5
24045,29.1
24047,32.7
24510,35.4
25000,46.6
25001,47.4
25003,38.3
25005,30.6
25007,49.0
25009,42.3
25011,40.3
25013,28.9
25015,51.1
25017,59.0
25019,58.4
25021,57.6
25023,41.2
25025,49.9
25027,39.0
26000,31.8
26001,20.6
26003,20.3
26005,26.1
26007,17.7
26009,34.3
26011,15.8
26013,16.1
26015,24.3
26017,21.4
26019,34.3
26021,30.2
26023,16.9
26025,22.2
26027,21.6
26029,33.9
26031,22.9
26033,21.9
26035,13.0
26037,34.2
26039,20.2
26041,20.0
26043,24.3
26045,30.4
26047,40.2
26049,22.8
26051,15.4
26053,21.9
26055,40.3
26057,19.0
26059,20.6
26061,36.6
26063,17.6
26065,41.3
26067,18.0
26069,17.6
26071,20.6
26073,30.8
26075,23.0
26077,40.8
26079,18.2
26081,39.6
26083,43.6
26085,12.5
26087,19.8
26089,49.9
26091,22.3
26093,39.2
26095,19.3
26097,23.5
26099,27.2
26101,23.4
26103,35.8
26105,25.0
26107,22.7
26109,18.0
26111,36.3
26113,18.0
26115,23.4
26117,14.9
26119,16.0
26121,21.4
26123,18.4
26125,50.2
26127,21.0
26129,15.9
26131,16.7
26133,16.4
26135,14.8
26137,25.8
26139,37.5
26141,20.2
26143,20.3
26145,23.4
26147,20.3
26149,17.1
26151,16.0
26153,20.7
26155,19.5
26157,15.5
26159,22.9
26161,58.1
26163,26.9
26165,21.2
27000,38.8
27001,19.0
27003,31.7
27005,27.5
27007,32.3
27009,24.5
27011,21.3
27013,34.5
27015,24.2
27017,25.5
27019,50.5
27021,25.4
27023,19.6
27025,24.0
27027,39.0
27029,18.3
27031,45.6
27033,22.9
27035,28.6
27037,44.6
27039,29.7
27041,29.0
27043,21.6
27045,23.7
27047,18.1
27049,27.9
27051,19.1
27053,53.3
27055,28.0
27057,30.5
27059,19.6
27061,25.1
27063,24.9
27065,15.8
27067,27.1
27069,28.0
27071,20.3
27073,22.1
27075,25.8
27077,21.4
27079,25.4
27081,24.4
27083,28.6
27085,19.6
27087,14.3
27089,18.9
27091,23.8
27093,20.4
27095,17.6
27097,19.0
27099,23.5
27101,23.9
27103,35.7
27105,17.7
27107,20.9
27109,48.5
27111,27.4
27113,19.3
27115,16.3
27117,21.6
27119,28.1
27121,23.8
27123,45.5
27125,17.6
27127,20.8
27129,18.4
27131,29.7
27133,26.3
27135,20.5
27137,32.5
27139,43.1
27141,28.1
27143,18.6
27145,28.6
27147,29.7
27149,30.8
27151,23.0
27153,15.2
27155,17.5
27157,26.6
27159,17.5
27161,20.9
27163,48.9
27165,18.2
27167,21.5
27169,32.1
27171,34.0
27173,19.0
28000,24.2
28001,19.3
28003,18.4
28005,8.0
28007,15.8
28009,12.1
28011,26.6
28013,13.1
28015,18.5
28017,12.4
28019,18.6
28021,20.6
28023,15.1
28025,18.2
28027,19.0
28029,20.3
28031,15.9
28033,28.3
28035,29.5
28037,18.1
28039,17.1
28041,11.9
28043,23.7
28045,24.6
28047,25.5
28049,31.1
28051,13.7
28053,19.4
28055,4.4
28057,14.8
28059,24.9
28061,13.0
28063,19.9
28065,13.5
28067,20.0
28069,17.8
28071,44.3
28073,33.2
28075,21.7
28077,12.7
28079,17.7
28081,28.7
28083,20.0
28085,18.4
28087,26.6
28089,48.9
28091,12.5
28093,14.5
28095,16.4
28097,20.6
28099,16.3
28101,17.5
28103,11.1
28105,45.8
28107,15.5
28109,16.0
28111,11.4
28113,15.9
28115,17.7
28117,18.6
28119,15.2
28121,32.8
28123,12.1
28125,15.4
28127,16.5
28129,14.0
28131,14.6
28133,16.9
28135,11.9
28137,20.9
28139,16.4
28141,16.4
28143,16.1
28145,17.1
28147,13.2
28149,26.5
28151,20.5
28153,16.7
28155,20.1
28157,11.6
28159,18.6
28161,12.3
28163,13.3
29000,31.9
29001,35.0
29003,26.9
29005,22.0
29007,16.1
29009,13.4
29011,18.0
29013,15.3
29015,15.2
29017,14.2
29019,51.0
29021,23.3
29023,15.2
29025,18.4
29027,25.4
29029,24.5
29031,33.9
29033,20.2
29035,13.3
29037,28.8
29039,17.8
29041,19.4
29043,32.6
29045,12.3
29047,36.0
29049,22.7
29051,37.5
29053,24.0
29055,12.8
29057,15.2
29059,14.8
29061,18.4
29063,14.8
29065,18.1
29067,15.5
29069,12.6
29071,23.0
29073,18.6
29075,20.5
29077,32.4
29079,15.9
29081,17.6
29083,16.1
29085,12.0
29087,20.5
29089,28.0
29091,17.5
29093,18.3
29095,33.5
29097,25.1
29099,23.6
29101,29.1
29103,16.9
29105,15.7
29107,24.4
29109,16.6
29111,16.5
29113,18.4
29115,20.1
29117,18.3
29119,13.4
29121,18.5
29123,15.3
29125,16.0
29127,25.7
29129,17.9
29131,21.0
29133,14.1
29135,17.2
29137,17.4
29139,16.5
29141,14.9
29143,13.3
29145,23.0
29147,25.6
29149,14.4
29151,24.8
29153,12.4
29155,12.8
29157,22.1
29159,18.6
29161,31.5
29163,16.6
29165,45.6
29167,21.0
29169,27.9
29171,19.3
29173,17.5
29175,17.1
29177,15.0
29179,15.4
29181,12.9
29183,42.4
29185,13.7
29186,18.4
29187,16.0
29189,46.9
29195,26.0
29197,10.6
29199,14.5
29201,21.7
29203,14.6
29205,18.0
29207,16.4
29209,23.0
29211,14.7
29213,25.4
29215,15.8
29217,18.0
29219,19.6
29221,12.4
29223,11.0
29225,18.6
29227,17.6
29229,14.3
29510,40.2
30000,34.5
30001,35.5
30003,20.9
30005,25.8
30007,26.3
30009,30.3
30011,20.3
30013,28.7
30015,22.6
30017,29.8
30019,27.5
30021,25.5
30023,22.3
30025,16.5
30027,23.8
30029,36.0
30031,53.1
30033,21.3
30035,18.1
30037,19.0
30039,31.2
30041,25.6
30043,32.7
30045,28.3
30047,30.5
30049,42.8
30051,27.3
30053,18.0
30055,21.4
30057,34.3
30059,28.5
30061,26.6
30063,45.9
30065,21.9
30067,38.1
30069,27.1
30071,20.6
30073,19.5
30075,25.2
30077,19.0
30079,20.0
30081,29.8
30083,19.4
30085,19.9
30087,18.9
30089,21.6
30091,24.7
30093,27.7
30095,29.8
30097,23.1
30099,25.9
30101,21.5
30103,32.8
30105,21.5
30107,17.8
30109,25.8
30111,33.9
30113,
31000,34.1
31001,28.8
31003,19.9
31005,32.7
31007,32.6
31009,25.6
31011,18.9
31013,20.1
31015,19.6
31017,21.2
31019,34.6
31021,25.7
31023,25.2
31025,31.9
31027,25.0
31029,24.1
31031,24.2
31033,22.1
31035,22.9
31037,14.1
31039,24.8
31041,25.6
31043,15.1
31045,35.2
31047,17.5
31049,22.5
31051,23.7
31053,21.5
31055,42.2
31057,23.3
31059,21.9
31061,20.0
31063,26.1
31065,22.3
31067,22.1
31069,20.7
31071,32.7
31073,28.8
31075,29.4
31077,18.4
31079,21.1
31081,29.6
31083,24.2
31085,15.9
31087,19.8
31089,27.0
31091,20.7
31093,23.0
31095,19.7
31097,19.0
31099,32.9
31101,21.3
31103,25.7
31105,14.3
31107,19.7
31109,41.1
31111,20.4
31113,26.7
31115,26.0
31117,24.4
31119,23.5
31121,17.6
31123,21.8
31125,18.4
31127,29.2
31129,26.6
31131,27.2
31133,20.4
31135,25.7
31137,26.7
31139,22.9
31141,24.1
31143,18.6
31145,26.0
31147,22.4
31149,29.0
31151,20.1
31153,41.9
31155,30.3
31157,25.9
31159,31.6
31161,21.7
31163,18.8
31165,25.1
31167,22.3
31169,23.0
31171,26.9
31173,20.2
31175,27.6
31177,36.5
31179,29.4
31181,21.9
31183,29.6
31185,23.9
32000,27.4
32001,18.6
32003,27.3
32005,32.1
32007,17.5
32009,24.1
32011,18.1
32013,19.8
32015,16.6
32017,19.0
32019,17.2
32021,11.5
32023,12.7
32027,9.3
32029,31.6
32031,33.2
32033,14.2
32510,24.5
33000,39.8
33001,32.6
33003,38.8
33005,35.3
33007,20.2
33009,44.8
33011,40.6
33013,38.1
33015,44.8
33017,38.5
33019,30.5
34000,42.9
34001,31.2
34003,52.6
34005,42.0
34007,35.3
34009,37.4
34011,17.9
34013,37.9
34015,35.8
34017,47.9
34019,56.5
34021,44.9
34023,45.1
34025,50.6
34027,57.2
34029,33.7
34031,30.3
34033,24.0
34035,57.4
34037,40.0
34039,38.6
34041,36.4
35000,30.2
35001,37.4
35003,20.7
35005,18.2
35006,18.8
35007,24.0
35009,21.3
35011,8.3
35013,31.4
35015,19.8
35017,28.8
35019,15.5
35021,30.3
35023,17.8
35025,15.3
35027,28.8
35028,68.2
35029,14.7
35031,12.5
35033,25.4
35035,21.6
35037,20.4
35039,18.8
35041,21.3
35043,33.4
35045,16.6
35047,26.2
35049,44.2
35051,16.3
35053,21.0
35055,37.1
35057,14.9
35059,18.1
35061,20.8
36000,39.6
36001,45.2
36003,24.6
36005,22.0
36007,30.6
36009,20.7
36011,23.9
36013,25.1
36015,26.9
36017,19.2
36019,26.8
36021,38.1
36023,28.3
36025,26.7
36027,39.7
36029,36.9
36031,31.3
36033,23.8
36035,21.2
36037,23.6
36039,28.9
36041,26.9
36043,22.6
36045,25.7
36047,41.3
36049,19.4
36051,30.6
36053,28.0
36055,41.2
36057,20.5
36059,48.7
36061,64.0
36063,27.2
36065,27.8
36067,38.1
36069,37.2
36071,32.2
36073,17.5
36075,21.9
36077,33.9
36079,43.5
36081,35.3
36083,37.3
36085,35.8
36087,42.1
36089,24.6
36091,43.8
36093,35.1
36095,25.0
36097,25.4
36099,24.1
36101,26.0
36103,39.9
36105,29.7
36107,25.6
36109,59.2
36111,37.1
36113,34.6
36115,21.2
36117,25.5
36119,52.5
36121,18.2
36123,25.0
37000,34.7
37001,27.7
37003,15.4
37005,22.8
37007,10.9
37009,22.4
37011,21.9
37013,20.6
37015,17.8
37017,20.6
37019,33.2
37021,44.6
37023,20.2
37025,37.7
37027,18.6
37029,25.8
37031,32.3
37033,16.0
37035,24.9
37037,48.0
37039,24.2
37041,24.5
37043,31.4
37045,21.1
37047,15.1
37049,26.0
37051,27.2
37053,29.3
37055,42.8
37057,20.7
37059,26.8
37061,17.5
37063,53.5
37065,16.7
37067,36.9
37069,24.4
37071,26.0
37073,10.8
37075,16.8
37077,24.0
37079,12.2
37081,38.1
37083,15.5
37085,23.9
37087,29.4
37089,35.1
37091,16.7
37093,21.3
37095,13.7
37097,33.3
37099,30.0
37101,27.6
37103,17.9
37105,21.6
37107,15.8
37109,27.0
37111,17.6
37113,24.6
37115,31.5
37117,15.1
37119,48.6
37121,23.1
37123,19.3
37125,40.9
37127,21.7
37129,44.8
37131,19.0
37133,26.1
37135,61.8
37137,25.4
37139,26.9
37141,29.8
37143,20.4
37145,19.8
37147,33.9
37149,32.9
37151,17.6
37153,16.2
37155,14.6
37157,16.1
37159,21.5
37161,20.7
37163,15.8
37165,14.8
37167,19.7
37169,18.5
37171,19.4
37173,21.3
37175,38.6
37177,14.7
37179,39.0
37181,18.5
37183,56.3
37185,19.0
37187,12.2
37189,47.7
37191,21.3
37193,16.7
37195,20.3
37197,15.8
37199,23.0
38000,32.3
38001,20.8
38003,30.0
38005,22.1
38007,32.4
38009,27.4
38011,27.3
38013,23.5
38015,38.7
38017,43.3
38019,22.2
38021,27.1
38023,20.4
38025,20.6
38027,28.2
38029,20.7
38031,27.2
38033,18.0
38035,37.2
38037,21.2
38039,27.4
38041,18.7
38043,21.3
38045,24.2
38047,26.2
38049,20.9
38051,17.0
38053,22.8
38055,23.9
38057,22.6
38059,29.3
38061,22.4
38063,28.2
38065,20.5
38067,22.9
38069,27.9
38071,27.6
38073,21.0
38075,22.0
38077,25.0
38079,16.6
38081,19.1
38083,20.3
38085,11.2
38087,22.8
38089,27.2
38091,29.6
38093,24.4
38095,18.9
38097,31.2
38099,19.5
38101,29.7
38103,22.3
38105,23.7
39000,30.9
39001,14.3
39003,19.9
39005,22.1
39007,16.0
39009,35.4
39011,20.8
39013,18.7
39015,15.8
39017,32.5
39019,14.0
39021,19.1
39023,18.5
39025,31.4
39027,20.1
39029,16.0
39031,16.7
39033,15.5
39035,35.9
39037,16.5
39039,20.1
39041,58.0
39043,27.9
39045,31.9
39047,13.8
39049,42.0
39051,18.8
39053,17.9
39055,38.7
39057,41.3
39059,15.3
39061,41.4
39063,29.7
39065,18.9
39067,13.0
39069,18.7
39071,15.6
39073,14.4
39075,11.0
39077,16.9
39079,16.6
39081,20.6
39083,24.3
39085,30.5
39087,18.6
39089,29.3
39091,18.3
39093,27.9
39095,28.5
39097,22.4
39099,26.4
39101,13.7
39103,36.2
39105,11.8
39107,22.2
39109,24.9
39111,10.7
39113,30.5
39115,14.2
39117,18.2
39119,20.3
39121,13.7
39123,28.5
39125,15.7
39127,15.0
39129,21.3
39131,14.6
39133,31.5
39135,17.9
39137,26.3
39139,17.9
39141,17.1
39143,19.1
39145,18.0
39147,20.7
39149,20.6
39151,25.0
39153,35.3
39155,20.3
39157,19.6
39159,39.1
39161,17.0
39163,15.1
39165,45.7
39167,20.7
39169,24.7
39171,14.2
39173,37.4
39175,20.7
40000,27.8
40001,11.8
40003,20.7
40005,15.3
40007,23.0
40009,13.3
40011,18.0
40013,24.4
40015,15.5
40017,31.8
40019,20.0
40021,29.4
40023,15.2
40025,31.7
40027,35.6
40029,16.8
40031,24.2
40033,20.9
40035,14.9
40037,18.4
40039,33.3
40041,19.2
40043,19.8
40045,20.0
40047,22.3
40049,17.7
40051,21.9
40053,22.7
40055,15.3
40057,16.3
40059,26.6
40061,15.2
40063,15.1
40065,24.2
40067,15.7
40069,21.3
40071,18.5
40073,22.8
40075,18.4
40077,10.4
40079,14.8
40081,15.5
40083,30.5
40085,16.0
40087,28.0
40089,15.5
40091,14.4
40093,18.0
40095,16.9
40097,16.5
40099,17.8
40101,19.0
40103,20.3
40105,16.4
40107,13.1
40109,35.1
40111,17.3
40113,21.5
40115,15.0
40117,16.3
40119,40.1
40121,19.7
40123,29.7
40125,21.0
40127,14.3
40129,23.9
40131,25.6
40133,15.1
40135,15.2
40137,19.5
40139,24.4
40141,17.3
40143,33.7
40145,26.9
40147,30.5
40149,20.4
40151,32.5
40153,21.6
41000,36.2
41001,27.0
41003,54.4
41005,39.7
41007,26.3
41009,19.2
41011,21.7
41013,22.5
41015,24.2
41017,43.4
41019,18.9
41021,20.9
41023,19.7
41025,15.6
41027,39.4
41029,30.6
41031,20.0
41033,19.7
41035,21.5
41037,20.9
41039,33.4
41041,28.8
41043,20.8
41045,15.5
41047,26.0
41049,9.8
41051,48.6
41053,30.6
41055,16.1
41057,25.1
41059,18.0
41061,24.9
41063,36.9
41065,21.8
41067,46.7
41069,20.4
41071,29.2
42000,34.5
42001,24.8
42003,44.8
42005,18.9
42007,28.3
42009,16.3
42011,27.2
42013,24.1
42015,21.2
42017,43.9
42019,38.6
42021,23.0
42023,11.3
42025,18.3
42027,46.5
42029,56.6
42031,23.3
42033,20.1
42035,21.3
42037,24.9
42039,21.2
42041,39.6
42043,34.3
42045,41.6
42047,19.9
42049,29.6
42051,18.9
42053,12.1
42055,24.0
42057,17.1
42059,21.1
42061,18.2
42063,26.9
42065,17.5
42067,15.0
42069,30.1
42071,31.0
42073,22.8
42075,24.0
42077,33.4
42079,25.0
42081,24.8
42083,20.3
42085,25.1
42087,13.2
42089,27.9
42091,52.3
42093,36.6
42095,33.8
42097,19.2
42099,18.6
42101,34.6
42103,28.9
42105,17.1
42107,19.1
42109,21.4
42111,17.3
42113,19.7
42115,19.8
42117,21.5
42119,26.4
42121,19.7
42123,19.5
42125,32.8
42127,21.6
42129,31.8
42131,21.5
42133,27.2
44000,37.3
44001,51.8
44003,34.3
44005,53.0
44007,32.2
44009,50.5
45000,31.5
45001,19.3
45003,31.1
45005,13.3
45007,26.4
45009,18.8
45011,12.8
45013,44.8
45015,29.9
45017,21.8
45019,49.0
45021,18.4
45023,13.7
45025,13.2
45027,17.7
45029,16.7
45031,19.7
45033,11.7
45035,30.0
45037,21.4
45039,15.3
45041,23.6
45043,32.5
45045,40.0
45047,25.6
45049,11.8
45051,26.6
45053,25.9
45055,22.8
45057,31.2
45059,17.9
45061,12.8
45063,33.1
45065,23.1
45067,13.8
45069,8.7
45071,23.5
45073,28.5
45075,19.4
45077,27.3
45079,41.1
45081,19.8
45083,25.7
45085,23.2
45087,13.5
45089,15.4
45091,38.1
46000,31.1
46003,18.7
46005,26.4
46007,20.3
46009,20.1
46011,44.0
46013,33.2
46015,30.2
46017,7.0
46019,19.4
46021,29.5
46023,25.1
46025,16.2
46027,46.0
46029,20.9
46031,19.2
46033,32.1
46035,25.0
46037,21.3
46039,24.1
46041,17.3
46043,22.9
46045,29.5
46047,22.2
46049,18.3
46051,25.5
46053,20.9
46055,19.5
46057,24.4
46059,26.2
46061,21.5
46063,30.4
46065,35.9
46067,25.7
46069,21.1
46071,11.4
46073,21.1
46075,25.3
46077,22.3
46079,34.7
46081,34.1
46083,42.5
46085,25.3
46087,28.7
46089,22.4
46091,22.4
46093,26.9
46095,16.3
46097,16.1
46099,34.6
46101,31.0
46102,9.8
46103,34.1
46105,21.8
46107,26.6
46109,18.3
46111,19.2
46115,27.1
46117,25.4
46119,20.9
46121,16.6
46123,19.9
46125,26.2
46127,36.5
46129,31.1
46135,27.7
46137,14.1
47000,30.4
47001,26.3
47003,16.9
47005,12.4
47007,8.8
47009,26.8
47011,24.6
47013,13.2
47015,16.9
47017,18.9
47019,20.7
47021,25.1
47023,19.2
47025,17.3
47027,12.0
47029,11.6
47031,22.9
47033,15.7
47035,18.5
47037,47.3
47039,15.0
47041,20.0
47043,21.4
47045,21.6
47047,26.9
47049,15.3
47051,23.1
47053,19.1
47055,19.2
47057,14.9
47059,17.7
47061,12.4
47063,20.1
47065,37.0
47067,8.6
47069,11.3
47071,14.8
47073,16.8
47075,13.1
47077,14.4
47079,18.6
47081,13.6
47083,13.7
47085,16.4
47087,13.5
47089,21.0
47091,15.7
47093,40.2
47095,9.4
47097,10.9
47099,15.5
47101,10.9
47103,19.3
47105,28.6
47107,17.5
47109,11.8
47111,11.8
47113,26.0
47115,16.5
47117,21.0
47119,26.5
47121,12.0
47123,15.8
47125,31.7
47127,24.7
47129,13.7
47131,18.1
47133,13.5
47135,12.7
47137,17.2
47139,14.7
47141,29.2
47143,17.4
47145,22.0
47147,21.1
47149,34.4
47151,10.2
47153,18.9
47155,21.4
47157,34.2
47159,17.9
47161,16.2
47163,26.6
47165,32.6
47167,18.5
47169,10.1
47171,20.0
47173,14.5
47175,14.0
47177,15.1
47179,33.5
47181,12.5
47183,21.6
47185,14.2
47187,61.8
47189,37.2
48000,33.1
48001,14.5
48003,19.9
48005,18.0
48007,27.6
48009,25.2
48011,21.4
48013,15.3
48015,23.4
48017,16.7
48019,25.5
48021,23.3
48023,28.4
48025,11.4
48027,27.2
48029,31.5
48031,34.3
48033,35.3
48035,20.7
48037,22.1
48039,32.1
48041,42.5
48043,45.3
48045,19.0
48047,14.4
48049,19.9
48051,23.1
48053,28.7
48055,16.4
48057,16.9
48059,23.9
48061,20.6
48063,19.7
48065,25.9
48067,17.6
48069,21.0
48071,23.0
48073,18.5
48075,11.5
48077,23.9
48079,10.7
48081,21.1
48083,17.9
48085,54.9
48087,26.0
48089,24.0
48091,42.2
48093,20.0
48095,13.2
48097,23.6
48099,18.7
48101,21.8
48103,14.3
48105,11.0
48107,14.1
48109,16.3
48111,15.7
48113,34.8
48115,14.5
48117,11.8
48119,19.5
48121,48.4
48123,15.7
48125,19.1
48127,11.0
48129,16.1
48131,7.0
48133,22.2
48135,16.6
48137,25.9
48139,28.6
48141,25.4
48143,32.5
48145,15.0
48147,20.2
48149,27.2
48151,18.2
48153,16.7
48155,14.5
48157,49.3
48159,29.3
48161,15.9
48163,11.4
48165,8.1
48167,34.3
48169,10.6
48171,35.3
48173,39.9
48175,19.0
48177,12.6
48179,15.4
48181,23.7
48183,22.4
48185,19.5
48187,30.9
48189,15.6
48191,17.8
48193,24.3
48195,30.4
48197,15.0
48199,20.8
48201,33.7
48203,22.5
48205,23.1
48207,22.5
48209,41.9
48211,24.4
48213,20.2
48215,20.3
48217,18.5
48219,18.3
48221,32.4
48223,20.0
48225,15.5
48227,15.3
48229,12.4
48231,21.9
48233,16.0
48235,22.1
48237,15.6
48239,15.9
48241,12.6
48243,30.4
48245,19.4
48247,19.0
48249,15.2
48251,23.5
48253,11.2
48255,16.0
48257,25.3
48259,49.1
48261,10.6
48263,26.9
48265,31.2
48267,25.6
48269,36.4
48271,19.5
48273,23.7
48275,15.6
48277,20.6
48279,14.3
48281,21.6
48283,8.1
48285,20.9
48287,18.7
48289,17.1
48291,11.2
48293,19.1
48295,25.4
48297,13.8
48299,33.1
48301,0.0
48303,33.3
48305,24.3
48307,19.6
48309,27.8
48311,15.0
48313,14.5
48315,16.0
48317,17.8
48319,40.1
48321,22.8
48323,15.3
48325,22.2
48327,22.9
48329,30.9
48331,19.5
48333,28.1
48335,13.9
48337,17.8
48339,37.9
48341,12.0
48343,15.5
48345,22.0
48347,26.5
48349,17.1
48351,6.2
48353,13.7
48355,23.7
48357,19.0
48359,25.3
48361,17.8
48363,18.7
48365,17.9
48367,31.6
48369,16.7
48371,13.4
48373,13.4
48375,17.3
48377,20.2
48379,25.2
48381,32.1
48383,17.0
48385,19.1
48387,15.6
48389,6.9
48391,13.8
48393,22.0
48395,19.1
48397,44.0
48399,19.1
48401,17.9
48403,17.8
48405,11.5
48407,15.8
48409,17.2
48411,21.7
48413,24.2
48415,17.9
48417,34.6
48419,13.7
48421,25.6
48423,27.7
48425,25.0
48427,13.3
48429,18.2
48431,24.5
48433,14.1
48435,15.5
48437,20.1
48439,34.5
48441,29.0
48443,32.3
48445,11.0
48447,25.0
48449,15.4
48451,25.1
48453,55.5
48455,15.9
48457,12.0
48459,17.5
48461,8.8
48463,20.2
48465,21.3
48467,18.2
48469,19.7
48471,21.4
48473,26.6
48475,10.7
48477,31.0
48479,20.9
48481,19.2
48483,19.5
48485,24.8
48487,17.4
48489,12.2
48491,47.4
48493,26.3
48495,10.0
48497,20.6
48499,22.3
48501,14.2
48503,23.6
48505,13.3
48507,9.6
49000,36.9
49001,22.7
49003,26.7
49005,40.4
49007,18.4
49009,11.6
49011,38.7
49013,17.0
49015,17.2
49017,32.0
49019,34.7
49021,30.3
49023,20.2
49025,32.1
49027,23.1
49029,38.8
49031,19.0
49033,24.5
49035,38.6
49037,20.2
49039,23.2
49041,23.1
49043,58.1
49045,23.2
49047,16.8
49049,43.8
49051,47.7
49053,33.3
49055,25.2
49057,28.0
50000,42.6
50001,43.5
50003,41.2
50005,31.9
50007,55.8
50009,21.2
50011,28.8
50013,43.2
50015,43.8
50017,36.5
50019,28.6
50021,33.5
50023,47.0
50025,42.4
50027,41.9
51000,41.5
51001,21.8
51003,60.6
51005,15.6
51007,16.8
51009,23.0
51011,20.5
51013,77.1
51015,23.3
51017,15.6
51019,33.6
51021,15.4
51023,27.5
51025,15.6
51027,10.8
51029,13.5
51031,25.7
51033,23.2
51035,16.7
51036,16.0
51037,18.7
51041,42.7
51043,37.3
51045,17.3
51047,26.4
51049,18.2
51051,10.7
51053,20.5
51057,17.5
51059,64.3
51061,39.7
51063,23.0
51065,35.6
51067,24.3
51069,30.3
51071,18.0
51073,25.9
51075,47.0
51077,13.9
51079,28.5
51081,13.8
51083,18.2
51085,42.4
51087,45.7
51089,15.7
51091,35.5
51093,29.9
51095,50.2
51097,19.5
51099,35.8
51101,24.3
51103,37.4
51105,12.7
51107,64.0
51109,27.7
51111,11.2
51113,27.6
51115,30.1
51117,21.2
51119,31.6
51121,48.4
51125,33.7
51127,35.5
51131,32.5
51133,33.9
51135,16.8
51137,29.4
51139,15.2
51141,15.2
51143,15.4
51145,34.2
51147,24.2
51149,24.0
51153,44.5
51155,21.4
51157,35.6
51159,17.4
51161,37.4
51163,31.5
51165,28.4
51167,14.1
51169,14.2
51171,21.4
51173,18.1
51175,18.6
51177,33.8
51179,43.3
51181,25.4
51183,15.8
51185,16.4
51187,24.5
51191,26.5
51193,19.7
51195,15.6
51197,19.7
51199,50.0
51510,65.8
51515,
51520,23.9
51530,24.7
51540,60.6
51550,36.4
51560,
51570,29.5
51580,9.6
51590,18.3
51595,15.2
51600,62.3
51610,79.7
51620,26.4
51630,46.8
51640,18.3
51650,27.5
51660,36.7
51670,12.5
51678,57.3
51680,38.5
51683,33.2
51685,25.5
51690,21.2
51700,29.1
51710,32.7
51720,16.6
51730,25.0
51735,40.1
51740,23.2
51750,39.8
51760,44.1
51770,28.9
51775,31.1
51790,35.1
51800,32.4
51810,40.4
51820,26.3
51830,48.5
51840,31.6
53000,38.8
53001,15.4
53003,24.3
53005,33.0
53007,30.2
53009,30.7
53011,33.0
53013,27.2
53015,17.0
53017,21.9
53019,18.3
53021,20.4
53023,26.8
53025,18.2
53027,17.6
53029,35.7
53031,43.3
53033,55.9
53035,36.5
53037,35.3
53039,31.2
53041,20.2
53043,23.7
53045,22.0
53047,24.0
53049,23.4
53051,20.3
53053,30.1
53055,53.4
53057,29.1
53059,28.2
53061,36.8
53063,32.1
53065,21.8
53067,37.2
53069,22.3
53071,30.1
53073,38.1
53075,50.2
53077,18.9
54000,23.3
54001,12.2
54003,24.3
54005,11.9
54007,11.9
54009,21.9
54011,32.4
54013,10.1
54015,11.8
54017,12.7
54019,16.1
54021,19.9
54023,17.9
54025,22.1
54027,16.3
54029,20.2
54031,15.7
54033,25.9
54035,19.4
54037,33.7
54039,29.3
54041,17.5
54043,8.4
54045,13.8
54047,5.7
54049,25.8
54051,19.1
54053,16.2
54055,20.7
54057,22.8
54059,8.3
54061,47.9
54063,15.4
54065,17.6
54067,19.0
54069,32.5
54071,20.5
54073,14.6
54075,15.8
54077,17.9
54079,28.4
54081,21.6
54083,19.0
54085,12.8
54087,14.2
54089,16.0
54091,17.4
54093,24.2
54095,15.7
54097,17.4
54099,17.7
54101,12.6
54103,13.5
54105,16.2
54107,22.9
54109,12.0
55000,32.8
55001,17.3
55003,22.1
55005,22.3
55007,35.0
55009,32.4
55011,22.1
55013,22.0
55015,32.5
55017,24.1
55019,13.4
55021,25.7
55023,18.3
55025,54.4
55027,19.9
55029,37.1
55031,27.8
55033,29.2
55035,35.7
55037,23.1
55039,22.6
55041,15.5
55043,24.6
55045,27.0
55047,22.5
55049,28.5
55051,23.4
55053,16.3
55055,28.1
55057,16.3
55059,30.8
55061,20.6
55063,36.1
55065,20.6
55067,16.2
55069,19.4
55071,22.2
55073,27.3
55075,19.5
55077,15.2
55078,19.6
55079,33.9
55081,20.0
55083,18.7
55085,28.4
55087,32.0
55089,50.4
55091,23.6
55093,32.0
55095,23.7
55097,33.7
55099,17.1
55101,28.0
55103,20.7
55105,25.7
55107,16.3
55109,39.4
55111,26.5
55113,27.2
55115,18.7
55117,27.3
55119,16.7
55121,20.2
55123,24.8
55125,30.5
55127,32.3
55129,23.6
55131,34.8
55133,47.9
55135,20.2
55137,17.4
55139,31.0
55141,21.4
56000,29.9
56001,55.5
56003,20.9
56005,22.2
56007,22.8
56009,22.9
56011,24.0
56013,25.3
56015,24.6
56017,26.4
56019,30.3
56021,32.0
56023,24.1
56025,27.4
56027,19.6
56029,35.0
56031,19.5
56033,33.4
56035,31.1
56037,20.4
56039,61.2
56041,21.3
56043,22.0
56045,18.0
72000,29.1
72001,17.0
72003,23.6
72005,25.5
72007,20.4
72009,23.4
72011,23.2
72013,27.5
72015,26.6
72017,24.1
72019,22.3
72021,32.1
72023,28.6
72025,34.8
72027,21.2
72029,27.5
72031,34.8
72033,22.8
72035,29.0
72037,21.5
72039,17.0
72041,26.2
72043,22.7
72045,18.0
72047,21.9
72049,16.2
72051,36.3
72053,29.9
72054,19.0
72055,15.5
72057,22.5
72059,25.0
72061,49.1
72063,33.8
72065,31.4
72067,30.3
72069,26.8
72071,25.4
72073,20.3
72075,27.9
72077,22.7
72079,21.0
72081,21.3
72083,16.6
72085,28.9
72087,18.5
72089,23.5
72091,23.8
72093,11.5
72095,12.7
72097,27.5
72099,24.8
72101,20.7
72103,23.7
72105,19.8
72107,18.5
72109,22.1
72111,25.7
72113,30.5
72115,21.2
72117,24.5
72119,26.2
72121,29.1
72123,19.3
72125,24.3
72127,42.2
72129,19.9
72131,22.8
72133,28.8
72135,28.4
72137,27.7
72139,39.9
72141,22.7
72143,24.7
72145,24.9
72147,12.4
72149,22.5
72151,18.4
72153,27.1