FIPS,POP_ESTIMATE_2023
00000,"334,914,895"
01000,"5,108,468"
01001,"60,342"
01003,"253,507"
01005,"24,585"
01007,"21,868"
01009,"59,816"
01011,"9,897"
01013,"18,382"
01015,"116,429"
01017,"34,079"
01019,"25,666"
01021,"46,431"
01023,"12,252"
01025,"22,337"
01027,"14,111"
01029,"15,639"
01031,"55,643"
01033,"58,361"
01035,"11,174"
01037,"10,268"
01039,"37,952"
01041,"13,101"
01043,"92,016"
01045,"49,871"
01047,"36,165"
01049,"72,569"
01051,"90,441"
01053,"36,558"
01055,"103,241"
01057,"15,967"
01059,"31,802"
01061,"26,988"
01063,"7,341"
01065,"14,888"
01067,"17,899"
01069,"108,462"
01071,"53,467"
01073,"662,895"
01075,"13,661"
01077,"96,814"
01079,"33,502"
01081,"183,215"
01083,"114,654"
01085,"9,717"
01087,"18,370"
01089,"412,600"
01091,"18,684"
01093,"29,244"
01095,"100,756"
01097,"411,640"
01099,"19,229"
01101,"224,980"
01103,"125,133"
01105,"7,738"
01107,"18,688"
01109,"33,137"
01111,"22,786"
01113,"58,744"
01115,"95,552"
01117,"233,000"
01119,"11,727"
01121,"81,132"
01123,"40,677"
01125,"237,373"
01127,"64,728"
01129,"15,022"
01131,"9,944"
01133,"23,611"
02000,"733,406"
02013,"3,461"
02016,"5,160"
02020,"286,075"
02050,"18,224"
02060,844
02063,"6,769"
02066,"2,674"
02068,"1,584"
02070,"4,607"
02090,"94,840"
02100,"2,070"
02105,"2,262"
02110,"31,555"
02122,"61,223"
02130,"13,738"
02150,"12,565"
02158,"8,001"
02164,"1,331"
02170,"115,239"
02180,"9,763"
02185,"10,603"
02188,"7,361"
02195,"3,427"
02198,"5,696"
02220,"8,282"
02230,"1,095"
02240,"7,077"
02275,"2,064"
02282,687
02290,"5,129"
04000,"7,431,344"
04001,"65,036"
04003,"124,640"
04005,"144,472"
04007,"54,003"
04009,"39,525"
04011,"9,369"
04012,"16,710"
04013,"4,585,871"
04015,"223,682"
04017,"109,175"
04019,"1,063,162"
04021,"484,239"
04023,"49,158"
04025,"249,081"
04027,"213,221"
05000,"3,067,732"
05001,"16,307"
05003,"18,262"
05005,"42,875"
05007,"311,013"
05009,"38,530"
05011,"10,104"
05013,"4,641"
05015,"28,814"
05017,"9,538"
05019,"21,274"
05021,"14,201"
05023,"25,445"
05025,"7,378"
05027,"22,150"
05029,"21,077"
05031,"113,993"
05033,"61,891"
05035,"47,139"
05037,"16,420"
05039,"6,185"
05041,"10,479"
05043,"16,945"
05045,"129,951"
05047,"17,468"
05049,"12,421"
05051,"99,784"
05053,"18,383"
05055,"46,743"
05057,"19,343"
05059,"33,258"
05061,"12,533"
05063,"38,320"
05065,"14,169"
05067,"16,784"
05069,"63,661"
05071,"26,129"
05073,"6,095"
05075,"16,318"
05077,"8,201"
05079,"12,898"
05081,"11,805"
05083,"21,400"
05085,"75,944"
05087,"17,775"
05089,"17,514"
05091,"42,415"
05093,"38,663"
05095,"6,512"
05097,"8,620"
05099,"8,120"
05101,"7,071"
05103,"21,793"
05105,"10,184"
05107,"14,961"
05109,"10,208"
05111,"22,397"
05113,"19,436"
05115,"64,593"
05117,"8,036"
05119,"400,009"
05121,"18,907"
05123,"22,101"
05125,"129,574"
05127,"9,851"
05129,"7,806"
05131,"129,098"
05133,"15,632"
05135,"17,968"
05137,"12,671"
05139,"37,397"
05141,"16,142"
05143,"261,549"
05145,"78,452"
05147,"5,964"
05149,"20,044"
06000,"38,965,193"
06001,"1,622,188"
06003,"1,141"
06005,"41,811"
06007,"207,172"
06009,"46,565"
06011,"22,037"
06013,"1,155,025"
06015,"26,589"
06017,"192,215"
06019,"1,017,162"
06021,"28,129"
06023,"133,985"
06025,"179,057"
06027,"18,527"
06029,"913,820"
06031,"152,682"
06033,"67,878"
06035,"28,861"
06037,"9,663,345"
06039,"162,858"
06041,"254,407"
06043,"16,919"
06045,"89,108"
06047,"291,920"
06049,"8,500"
06051,"13,066"
06053,"430,723"
06055,"133,216"
06057,"102,037"
06059,"3,135,755"
06061,"423,561"
06063,"19,131"
06065,"2,492,442"
06067,"1,584,288"
06069,"68,175"
06071,"2,195,611"
06073,"3,269,973"
06075,"808,988"
06077,"800,965"
06079,"281,639"
06081,"726,353"
06083,"441,257"
06085,"1,877,592"
06087,"261,547"
06089,"180,366"
06091,"3,200"
06093,"42,905"
06095,"449,218"
06097,"481,812"
06099,"551,430"
06101,"97,948"
06103,"64,896"
06105,"15,670"
06107,"479,468"
06109,"54,204"
06111,"829,590"
06113,"220,544"
06115,"85,722"
08000,"5,877,610"
08001,"533,365"
08003,"16,655"
08005,"656,061"
08007,"14,189"
08009,"3,344"
08011,"5,681"
08013,"326,831"
08014,"76,860"
08015,"20,617"
08017,"1,727"
08019,"9,147"
08021,"7,521"
08023,"3,628"
08025,"5,636"
08027,"5,534"
08029,"31,746"
08031,"716,577"
08033,"2,513"
08035,"383,906"
08037,"54,381"
08039,"28,806"
08041,"744,215"
08043,"50,318"
08045,"62,707"
08047,"5,926"
08049,"15,935"
08051,"17,321"
08053,765
08055,"7,055"
08057,"1,309"
08059,"576,366"
08061,"1,384"
08063,"6,994"
08065,"7,365"
08067,"56,407"
08069,"370,771"
08071,"14,348"
08073,"5,480"
08075,"20,619"
08077,"159,681"
08079,944
08081,"13,327"
08083,"26,531"
08085,"44,156"
08087,"29,524"
08089,"18,136"
08091,"5,176"
08093,"18,117"
08095,"4,476"
08097,"16,640"
08099,"11,751"
08101,"169,422"
08103,"6,569"
08105,"11,188"
08107,"25,064"
08109,"6,688"
08111,802
08113,"7,868"
08115,"2,299"
08117,"30,465"
08119,"24,617"
08121,"4,855"
08123,"359,442"
08125,"9,862"
09000,"3,617,176"
09001,
09003,
09005,
09007,
09009,
09011,
09013,
09015,
09110,"975,328"
09120,"327,651"
09130,"176,215"
09140,"456,128"
09150,"96,692"
09160,"113,463"
09170,"568,158"
09180,"279,634"
09190,"623,907"
10000,"1,031,890"
10001,"189,789"
10003,"578,592"
10005,"263,509"
11000,"678,972"
11001,"678,972"
12000,"22,610,726"
12001,"285,994"
12003,"28,368"
12005,"190,769"
12007,"27,858"
12009,"643,979"
12011,"1,962,531"
12013,"13,470"
12015,"206,134"
12017,"166,696"
12019,"232,439"
12021,"404,310"
12023,"73,063"
12027,"35,979"
12029,"17,465"
12031,"1,030,822"
12033,"326,928"
12035,"131,439"
12037,"12,594"
12039,"43,833"
12041,"19,587"
12043,"12,786"
12045,"15,693"
12047,"13,471"
12049,"25,760"
12051,"43,333"
12053,"212,807"
12055,"107,614"
12057,"1,535,564"
12059,"19,944"
12061,"169,795"
12063,"48,622"
12065,"15,450"
12067,"8,078"
12069,"424,462"
12071,"834,573"
12073,"296,913"
12075,"46,545"
12077,"7,706"
12079,"18,519"
12081,"441,095"
12083,"409,959"
12085,"163,315"
12086,"2,686,867"
12087,"80,614"
12089,"101,501"
12091,"218,464"
12093,"41,427"
12095,"1,471,416"
12097,"437,784"
12099,"1,533,801"
12101,"632,996"
12103,"961,596"
12105,"818,330"
12107,"75,955"
12109,"320,110"
12111,"373,586"
12113,"203,162"
12115,"469,013"
12117,"484,271"
12119,"151,565"
12121,"46,130"
12123,"21,582"
12125,"15,532"
12127,"590,357"
12129,"36,449"
12131,"86,354"
12133,"25,602"
13000,"11,029,227"
13001,"18,457"
13003,"8,293"
13005,"11,124"
13007,"2,743"
13009,"43,396"
13011,"19,789"
13013,"92,792"
13015,"115,041"
13017,"17,128"
13019,"18,570"
13021,"156,512"
13023,"12,465"
13025,"18,401"
13027,"16,245"
13029,"49,739"
13031,"84,327"
13033,"24,438"
13035,"26,887"
13037,"5,457"
13039,"58,118"
13043,"11,059"
13045,"127,098"
13047,"68,910"
13049,"12,934"
13051,"303,655"
13053,"8,661"
13055,"25,222"
13057,"286,602"
13059,"129,933"
13061,"2,853"
13063,"298,300"
13065,"6,746"
13067,"776,743"
13069,"43,317"
13071,"46,167"
13073,"165,162"
13075,"17,714"
13077,"155,892"
13079,"12,277"
13081,"19,631"
13083,"16,165"
13085,"31,732"
13087,"29,087"
13089,"762,992"
13091,"19,776"
13093,"10,981"
13095,"82,645"
13097,"149,160"
13099,"10,563"
13101,"3,709"
13103,"71,541"
13105,"20,013"
13107,"23,119"
13109,"10,754"
13111,"25,955"
13113,"123,351"
13115,"100,113"
13117,"272,887"
13119,"24,782"
13121,"1,079,105"
13123,"32,860"
13125,"2,954"
13127,"86,172"
13129,"59,757"
13131,"26,066"
13133,"20,722"
13135,"983,526"
13137,"48,757"
13139,"217,267"
13141,"8,676"
13143,"32,038"
13145,"36,654"
13147,"27,556"
13149,"12,034"
13151,"254,613"
13153,"171,974"
13155,"9,120"
13157,"88,615"
13159,"16,455"
13161,"14,906"
13163,"15,183"
13165,"8,627"
13167,"9,282"
13169,"28,969"
13171,"20,401"
13173,"10,452"
13175,"49,941"
13177,"33,872"
13179,"69,210"
13181,"7,879"
13183,"19,594"
13185,"120,712"
13187,"35,258"
13189,"21,799"
13191,"11,501"
13193,"11,817"
13195,"32,191"
13197,"7,440"
13199,"20,931"
13201,"5,747"
13205,"21,114"
13207,"30,625"
13209,"8,761"
13211,"21,460"
13213,"41,035"
13215,"201,877"
13217,"120,135"
13219,"44,182"
13221,"15,754"
13223,"183,164"
13225,"28,805"
13227,"35,969"
13229,"20,425"
13231,"20,461"
13233,"44,223"
13235,"10,095"
13237,"23,129"
13239,"2,280"
13241,"17,442"
13243,"6,078"
13245,"205,414"
13247,"95,987"
13249,"4,526"
13251,"14,174"
13253,"9,092"
13255,"69,946"
13257,"27,228"
13259,"4,674"
13261,"28,890"
13263,"5,718"
13265,"1,609"
13267,"24,296"
13269,"7,758"
13271,"10,920"
13273,"8,718"
13275,"45,649"
13277,"41,554"
13279,"27,040"
13281,"13,035"
13283,"6,341"
13285,"70,742"
13287,"8,909"
13289,"7,691"
13291,"27,124"
13293,"28,263"
13295,"69,489"
13297,"106,702"
13299,"36,243"
13301,"5,106"
13303,"19,820"
13305,"31,373"
13307,"2,337"
13309,"7,081"
13311,"29,026"
13313,"103,687"
13315,"8,779"
13317,"9,518"
13319,"8,725"
13321,"20,273"
15000,"1,435,138"
15001,"207,615"
15003,"989,408"
15005,81
15007,"73,851"
15009,"164,183"
16000,"1,964,726"
16001,"524,673"
16003,"4,903"
16005,"90,400"
16007,"6,766"
16009,"10,369"
16011,"50,395"
16013,"25,041"
16015,"8,517"
16017,"52,547"
16019,"131,366"
16021,"13,557"
16023,"2,758"
16025,"1,232"
16027,"257,674"
16029,"7,219"
16031,"25,696"
16033,801
16035,"9,214"
16037,"4,523"
16039,"29,724"
16041,"15,494"
16043,"14,196"
16045,"21,071"
16047,"16,061"
16049,"17,890"
16051,"34,198"
16053,"25,479"
16055,"185,010"
16057,"41,301"
16059,"8,441"
16061,"3,739"
16063,"5,450"
16065,"54,547"
16067,"22,480"
16069,"42,987"
16071,"4,953"
16073,"12,722"
16075,"27,279"
16077,"8,253"
16079,"14,026"
16081,"12,549"
16083,"95,156"
16085,"12,644"
16087,"11,425"
17000,"12,549,689"
17001,"64,441"
17003,"4,695"
17005,"16,450"
17007,"53,202"
17009,"6,294"
17011,"32,729"
17013,"4,317"
17015,"15,526"
17017,"12,596"
17019,"205,644"
17021,"33,228"
17023,"15,088"
17025,"12,999"
17027,"36,785"
17029,"46,060"
17031,"5,087,072"
17033,"18,300"
17035,"10,261"
17037,"100,288"
17039,"15,365"
17041,"19,629"
17043,"921,213"
17045,"16,334"
17047,"5,968"
17049,"34,331"
17051,"21,164"
17053,"13,250"
17055,"37,138"
17057,"32,541"
17059,"4,670"
17061,"11,543"
17063,"53,578"
17065,"7,911"
17067,"17,186"
17069,"3,569"
17071,"6,088"
17073,"48,448"
17075,"26,136"
17077,"52,141"
17079,"9,144"
17081,"36,320"
17083,"21,091"
17085,"21,756"
17087,"13,326"
17089,"514,982"
17091,"105,940"
17093,"139,976"
17095,"48,411"
17097,"708,760"
17099,"108,309"
17101,"14,813"
17103,"33,654"
17105,"35,320"
17107,"27,590"
17109,"26,839"
17111,"312,800"
17113,"170,441"
17115,"100,591"
17117,"44,018"
17119,"262,752"
17121,"36,673"
17123,"11,683"
17125,"12,523"
17127,"13,661"
17129,"11,954"
17131,"15,487"
17133,"34,957"
17135,"27,663"
17137,"32,140"
17139,"14,342"
17141,"51,265"
17143,"177,513"
17145,"20,503"
17147,"16,714"
17149,"14,342"
17151,"3,707"
17153,"4,911"
17155,"5,561"
17157,"29,815"
17159,"15,488"
17161,"141,236"
17163,"251,018"
17165,"22,873"
17167,"193,491"
17169,"6,733"
17171,"4,710"
17173,"20,568"
17175,"5,218"
17177,"43,105"
17179,"129,541"
17181,"16,667"
17183,"71,652"
17185,"10,942"
17187,"16,185"
17189,"13,536"
17191,"15,761"
17193,"13,401"
17195,"54,498"
17197,"700,728"
17199,"66,706"
17201,"280,922"
17203,"38,285"
18000,"6,862,199"
18001,"36,288"
18003,"394,545"
18005,"84,003"
18007,"8,729"
18009,"11,893"
18011,"76,120"
18013,"15,653"
18015,"20,525"
18017,"37,666"
18019,"125,467"
18021,"26,460"
18023,"32,730"
18025,"10,438"
18027,"33,656"
18029,"51,215"
18031,"26,399"
18033,"44,198"
18035,"112,321"
18037,"43,546"
18039,"206,409"
18041,"23,362"
18043,"80,809"
18045,"16,731"
18047,"23,096"
18049,"20,358"
18051,"32,904"
18053,"66,200"
18055,"31,196"
18057,"371,645"
18059,"86,166"
18061,"40,006"
18063,"186,387"
18065,"48,929"
18067,"83,831"
18069,"36,781"
18071,"46,460"
18073,"33,535"
18075,"20,032"
18077,"33,056"
18079,"27,622"
18081,"167,819"
18083,"36,070"
18085,"80,364"
18087,"40,907"
18089,"500,598"
18091,"111,706"
18093,"45,084"
18095,"132,504"
18097,"968,460"
18099,"46,352"
18101,"9,897"
18103,"35,402"
18105,"139,342"
18107,"38,573"
18109,"73,227"
18111,"13,960"
18113,"47,430"
18115,"6,004"
18117,"19,638"
18119,"21,532"
18121,"16,484"
18123,"19,209"
18125,"12,106"
18127,"175,335"
18129,"25,040"
18131,"12,385"
18133,"37,567"
18135,"24,216"
18137,"29,227"
18139,"16,847"
18141,"272,848"
18143,"24,657"
18145,"45,231"
18147,"19,910"
18149,"23,206"
18151,"34,917"
18153,"20,757"
18155,"10,019"
18157,"188,792"
18159,"15,256"
18161,"6,973"
18163,"179,810"
18165,"15,417"
18167,"106,153"
18169,"30,670"
18171,"8,518"
18173,"65,867"
18175,"28,205"
18177,"66,127"
18179,"28,555"
18181,"24,917"
18183,"34,742"
19000,"3,207,004"
19001,"7,389"
19003,"3,544"
19005,"14,074"
19007,"12,119"
19009,"5,534"
19011,"25,796"
19013,"130,471"
19015,"26,590"
19017,"25,307"
19019,"20,691"
19021,"20,567"
19023,"14,172"
19025,"9,763"
19027,"20,522"
19029,"13,130"
19031,"18,302"
19033,"42,406"
19035,"11,605"
19037,"11,658"
19039,"9,588"
19041,"16,511"
19043,"16,969"
19045,"46,158"
19047,"16,013"
19049,"111,092"
19051,"9,169"
19053,"7,665"
19055,"17,600"
19057,"38,253"
19059,"18,056"
19061,"98,887"
19063,"9,229"
19065,"19,210"
19067,"15,326"
19069,"9,875"
19071,"6,458"
19073,"8,584"
19075,"12,384"
19077,"10,722"
19079,"14,729"
19081,"10,615"
19083,"16,463"
19085,"14,670"
19087,"19,547"
19089,"9,376"
19091,"9,500"
19093,"6,833"
19095,"16,381"
19097,"19,342"
19099,"37,919"
19101,"15,440"
19103,"157,528"
19105,"20,900"
19107,"9,914"
19109,"14,396"
19111,"32,565"
19113,"228,972"
19115,"10,513"
19117,"8,747"
19119,"12,324"
19121,"16,971"
19123,"21,874"
19125,"33,770"
19127,"40,014"
19129,"14,633"
19131,"10,518"
19133,"8,493"
19135,"7,504"
19137,"10,139"
19139,"42,218"
19141,"14,012"
19143,"5,978"
19145,"15,014"
19147,"8,810"
19149,"25,722"
19151,"6,976"
19153,"505,255"
19155,"93,179"
19157,"18,453"
19159,"4,642"
19161,"9,686"
19163,"174,270"
19165,"11,806"
19167,"36,246"
19169,"98,566"
19171,"16,833"
19173,"5,924"
19175,"11,906"
19177,"7,266"
19179,"35,166"
19181,"55,205"
19183,"22,560"
19185,"6,557"
19187,"36,485"
19189,"10,571"
19191,"19,815"
19193,"105,951"
19195,"7,297"
19197,"12,656"
20000,"2,940,546"
20001,"12,412"
20003,"7,838"
20005,"16,016"
20007,"4,071"
20009,"24,899"
20011,"14,408"
20013,"9,250"
20015,"68,632"
20017,"2,579"
20019,"3,347"
20021,"19,054"
20023,"2,636"
20025,"1,847"
20027,"8,007"
20029,"8,854"
20031,"8,251"
20033,"1,655"
20035,"34,157"
20037,"38,764"
20039,"2,712"
20041,"18,445"
20043,"7,493"
20045,"120,553"
20047,"2,733"
20049,"2,467"
20051,"28,810"
20053,"6,357"
20055,"37,466"
20057,"33,980"
20059,"26,125"
20061,"35,047"
20063,"2,735"
20065,"2,376"
20067,"7,147"
20069,"5,743"
20071,"1,181"
20073,"5,870"
20075,"2,437"
20077,"5,435"
20079,"33,504"
20081,"3,630"
20083,"1,655"
20085,"13,368"
20087,"18,327"
20089,"2,847"
20091,"622,237"
20093,"3,823"
20095,"7,066"
20097,"2,374"
20099,"19,728"
20101,"1,529"
20103,"83,518"
20105,"2,920"
20107,"9,860"
20109,"2,665"
20111,"32,172"
20113,"30,091"
20115,"11,690"
20117,"9,933"
20119,"3,911"
20121,"35,320"
20123,"5,719"
20125,"30,568"
20127,"5,334"
20129,"2,580"
20131,"10,114"
20133,"15,420"
20135,"2,618"
20137,"5,330"
20139,"15,824"
20141,"3,427"
20143,"5,818"
20145,"6,126"
20147,"4,761"
20149,"26,382"
20151,"9,082"
20153,"2,463"
20155,"61,497"
20157,"4,627"
20159,"9,260"
20161,"71,402"
20163,"4,778"
20165,"2,830"
20167,"6,723"
20169,"53,098"
20171,"4,922"
20173,"528,469"
20175,"21,067"
20177,"177,746"
20179,"2,423"
20181,"5,844"
20183,"3,590"
20185,"3,909"
20187,"1,901"
20189,"5,077"
20191,"22,334"
20193,"7,865"
20195,"2,731"
20197,"7,057"
20199,"1,509"
20201,"5,504"
20203,"2,082"
20205,"8,382"
20207,"3,115"
20209,"165,281"
21000,"4,526,154"
21001,"19,264"
21003,"21,788"
21005,"24,613"
21007,"7,582"
21009,"45,008"
21011,"12,975"
21013,"23,317"
21015,"140,496"
21017,"20,134"
21019,"47,826"
21021,"30,988"
21023,"8,426"
21025,"12,953"
21027,"21,124"
21029,"84,863"
21031,"12,375"
21033,"12,551"
21035,"38,280"
21037,"93,702"
21039,"4,704"
21041,"10,987"
21043,"26,366"
21045,"15,918"
21047,"72,032"
21049,"37,304"
21051,"19,648"
21053,"9,148"
21055,"8,974"
21057,"6,000"
21059,"103,458"
21061,"12,448"
21063,"7,245"
21065,"13,936"
21067,"320,154"
21069,"15,442"
21071,"34,423"
21073,"51,644"
21075,"6,338"
21077,"8,792"
21079,"17,829"
21081,"25,619"
21083,"36,461"
21085,"26,825"
21087,"11,468"
21089,"35,221"
21091,"8,920"
21093,"112,273"
21095,"25,324"
21097,"19,415"
21099,"19,724"
21101,"44,119"
21103,"15,973"
21105,"4,447"
21107,"44,929"
21109,"13,104"
21111,"772,144"
21113,"55,017"
21115,"22,116"
21117,"171,321"
21119,"13,659"
21121,"29,794"
21123,"15,303"
21125,"63,296"
21127,"16,000"
21129,"7,293"
21131,"9,864"
21133,"20,423"
21135,"12,973"
21137,"24,776"
21139,"8,892"
21141,"28,283"
21143,"9,187"
21145,"67,428"
21147,"17,050"
21149,"9,054"
21151,"96,735"
21153,"11,228"
21155,"19,834"
21157,"31,744"
21159,"10,928"
21161,"16,841"
21163,"30,131"
21165,"6,286"
21167,"23,097"
21169,"10,482"
21171,"11,306"
21173,"28,527"
21175,"14,283"
21177,"30,568"
21179,"47,730"
21181,"7,686"
21183,"23,626"
21185,"70,183"
21187,"11,313"
21189,"4,001"
21191,"14,810"
21193,"27,133"
21195,"55,973"
21197,"12,972"
21199,"66,191"
21201,"2,313"
21203,"16,190"
21205,"24,409"
21207,"18,279"
21209,"60,168"
21211,"49,515"
21213,"20,195"
21215,"20,531"
21217,"26,443"
21219,"12,494"
21221,"14,369"
21223,"8,607"
21225,"13,106"
21227,"142,229"
21229,"12,267"
21231,"19,580"
21233,"12,726"
21235,"36,825"
21237,"6,282"
21239,"27,268"
22000,"4,573,749"
22001,"56,489"
22003,"22,112"
22005,"131,632"
22007,"20,160"
22009,"38,408"
22011,"36,827"
22013,"12,366"
22015,"129,795"
22017,"226,386"
22019,"203,761"
22021,"9,389"
22023,"4,768"
22025,"8,414"
22027,"13,670"
22029,"17,688"
22031,"27,114"
22033,"448,467"
22035,"6,829"
22037,"19,229"
22039,"31,754"
22041,"19,285"
22043,"21,911"
22045,"67,659"
22047,"29,617"
22049,"14,746"
22051,"421,777"
22053,"31,553"
22055,"249,750"
22057,"95,056"
22059,"14,800"
22061,"47,962"
22063,"150,145"
22065,"9,246"
22067,"23,955"
22069,"36,291"
22071,"364,136"
22073,"157,568"
22075,"22,386"
22077,"20,000"
22079,"126,260"
22081,"7,356"
22083,"19,712"
22085,"21,906"
22087,"44,463"
22089,"50,620"
22091,"10,774"
22093,"19,191"
22095,"39,592"
22097,"81,464"
22099,"51,057"
22101,"47,055"
22103,"275,583"
22105,"138,064"
22107,"3,764"
22109,"103,616"
22111,"20,650"
22113,"56,992"
22115,"46,250"
22117,"44,865"
22119,"35,238"
22121,"28,266"
22123,"9,323"
22125,"15,371"
22127,"13,216"
23000,"1,395,722"
23001,"113,765"
23003,"67,351"
23005,"310,230"
23007,"30,828"
23009,"56,526"
23011,"127,259"
23013,"40,977"
23015,"36,507"
23017,"59,905"
23019,"155,312"
23021,"17,486"
23023,"37,513"
23025,"51,302"
23027,"40,620"
23029,"31,555"
23031,"218,586"
24000,"6,180,253"
24001,"67,273"
24003,"594,582"
24005,"844,703"
24009,"94,728"
24011,"33,593"
24013,"176,639"
24015,"105,672"
24017,"171,973"
24019,"32,879"
24021,"293,391"
24023,"28,423"
24025,"264,644"
24027,"336,001"
24029,"19,303"
24031,"1,058,474"
24033,"947,430"
24035,"52,508"
24037,"115,281"
24039,"24,910"
24041,"37,823"
24043,"155,813"
24045,"104,800"
24047,"54,171"
24510,"565,239"
25000,"7,001,399"
25001,"231,735"
25003,"126,818"
25005,"581,841"
25007,"20,819"
25009,"810,089"
25011,"70,836"
25013,"460,291"
25015,"162,502"
25017,"1,623,952"
25019,"14,444"
25021,"727,473"
25023,"535,308"
25025,"768,425"
25027,"866,866"
26000,"10,037,261"
26001,"10,489"
26003,"8,757"
26005,"121,939"
26007,"28,904"
26009,"24,409"
26011,"15,145"
26013,"8,310"
26015,"63,808"
26017,"102,500"
26019,"18,441"
26021,"152,261"
26023,"45,215"
26025,"133,366"
26027,"51,642"
26029,"26,159"
26031,"26,048"
26033,"36,264"
26035,"31,316"
26037,"79,720"
26039,"13,538"
26041,"36,790"
26043,"25,982"
26045,"108,820"
26047,"34,123"
26049,"401,522"
26051,"25,853"
26053,"14,224"
26055,"96,421"
26057,"41,368"
26059,"45,587"
26061,"37,599"
26063,"30,927"
26065,"284,637"
26067,"66,262"
26069,"25,373"
26071,"11,740"
26073,"64,118"
26075,"159,424"
26077,"262,215"
26079,"18,490"
26081,"661,354"
26083,"2,172"
26085,"12,734"
26087,"88,977"
26089,"23,019"
26091,"97,520"
26093,"196,757"
26095,"6,435"
26097,"10,851"
26099,"875,101"
26101,"25,562"
26103,"66,999"
26105,"29,159"
26107,"41,099"
26109,"22,945"
26111,"84,039"
26113,"15,311"
26115,"155,045"
26117,"68,154"
26119,"9,678"
26121,"176,564"
26123,"51,108"
26125,"1,270,426"
26127,"26,981"
26129,"20,990"
26131,"5,906"
26133,"23,330"
26135,"8,545"
26137,"25,747"
26139,"303,372"
26141,"13,285"
26143,"23,863"
26145,"187,782"
26147,"159,874"
26149,"60,878"
26151,"40,368"
26153,"8,149"
26155,"68,025"
26157,"52,826"
26159,"75,798"
26161,"365,536"
26163,"1,751,169"
26165,"34,122"
27000,"5,737,915"
27001,"16,102"
27003,"372,441"
27005,"35,283"
27007,"46,718"
27009,"41,600"
27011,"5,105"
27013,"70,006"
27015,"25,628"
27017,"36,825"
27019,"111,057"
27021,"31,446"
27023,"12,172"
27025,"58,535"
27027,"66,258"
27029,"8,644"
27031,"5,639"
27033,"11,319"
27035,"68,304"
27037,"447,440"
27039,"21,088"
27041,"39,953"
27043,"13,873"
27045,"21,522"
27047,"30,515"
27049,"48,035"
27051,"6,139"
27053,"1,258,713"
27055,"18,582"
27057,"22,132"
27059,"43,182"
27061,"45,365"
27063,"9,919"
27065,"16,602"
27067,"43,813"
27069,"4,060"
27071,"11,751"
27073,"6,630"
27075,"10,855"
27077,"3,778"
27079,"29,255"
27081,"5,521"
27083,"25,427"
27085,"36,785"
27087,"5,280"
27089,"8,810"
27091,"19,657"
27093,"23,490"
27095,"27,427"
27097,"34,250"
27099,"40,058"
27101,"8,049"
27103,"34,242"
27105,"21,727"
27107,"6,329"
27109,"164,784"
27111,"60,626"
27113,"13,714"
27115,"30,197"
27117,"9,245"
27119,"30,412"
27121,"11,400"
27123,"536,075"
27125,"3,911"
27127,"15,288"
27129,"14,348"
27131,"67,948"
27133,"9,551"
27135,"15,252"
27137,"200,514"
27139,"155,814"
27141,"102,206"
27143,"15,084"
27145,"160,977"
27147,"37,421"
27149,"9,728"
27151,"9,719"
27153,"25,667"
27155,"3,136"
27157,"21,683"
27159,"14,241"
27161,"18,981"
27163,"278,936"
27165,"11,077"
27167,"6,306"
27169,"49,721"
27171,"151,150"
27173,"9,467"
28000,"2,939,690"
28001,"28,746"
28003,"34,135"
28005,"12,442"
28007,"17,359"
28009,"7,438"
28011,"28,968"
28013,"12,685"
28015,"9,535"
28017,"16,866"
28019,"8,088"
28021,"8,617"
28023,"15,228"
28025,"18,206"
28027,"20,077"
28029,"27,664"
28031,"18,059"
28033,"193,247"
28035,"78,208"
28037,"7,610"
28039,"25,619"
28041,"13,601"
28043,"21,065"
28045,"46,159"
28047,"210,612"
28049,"214,870"
28051,"15,777"
28053,"7,216"
28055,"1,256"
28057,"24,093"
28059,"146,389"
28061,"16,013"
28063,"6,941"
28065,"10,969"
28067,"66,250"
28069,"8,584"
28071,"58,467"
28073,"66,217"
28075,"70,527"
28077,"11,741"
28079,"21,258"
28081,"82,799"
28083,"26,378"
28085,"34,702"
28087,"57,283"
28089,"112,511"
28091,"24,224"
28093,"34,123"
28095,"33,609"
28097,"9,600"
28099,"28,789"
28101,"21,019"
28103,"9,914"
28105,"51,203"
28107,"32,669"
28109,"57,978"
28111,"11,315"
28113,"39,394"
28115,"31,535"
28117,"25,135"
28119,"5,546"
28121,"160,417"
28123,"27,507"
28125,"3,336"
28127,"25,715"
28129,"14,099"
28131,"18,756"
28133,"24,468"
28135,"11,837"
28137,"28,261"
28139,"21,287"
28141,"18,507"
28143,"9,234"
28145,"28,284"
28147,"13,863"
28149,"42,298"
28151,"41,946"
28153,"19,703"
28155,"9,988"
28157,"8,058"
28159,"17,416"
28161,"12,386"
28163,"25,796"
29000,"6,196,156"
29001,"25,122"
29003,"18,127"
29005,"5,107"
29007,"24,394"
29009,"35,265"
29011,"11,731"
29013,"16,242"
29015,"20,552"
29017,"10,544"
29019,"189,463"
29021,"82,956"
29023,"41,948"
29025,"8,955"
29027,"44,731"
29029,"44,044"
29031,"82,984"
29033,"8,391"
29035,"5,303"
29037,"111,732"
29039,"14,672"
29041,"7,399"
29043,"94,422"
29045,"6,641"
29047,"259,772"
29049,"21,548"
29051,"77,278"
29053,"16,947"
29055,"22,719"
29057,"7,716"
29059,"17,768"
29061,"8,551"
29063,"9,899"
29065,"14,647"
29067,"12,228"
29069,"27,032"
29071,"106,404"
29073,"14,705"
29075,"6,287"
29077,"304,611"
29079,"9,815"
29081,"8,220"
29083,"22,485"
29085,"8,718"
29087,"4,248"
29089,"10,101"
29091,"40,735"
29093,"9,440"
29095,"718,560"
29097,"125,056"
29099,"231,230"
29101,"54,962"
29103,"3,723"
29105,"36,680"
29107,"33,196"
29109,"38,872"
29111,"9,818"
29113,"64,699"
29115,"11,791"
29117,"14,557"
29119,"23,903"
29121,"15,161"
29123,"12,698"
29125,"8,430"
29127,"28,336"
29129,"3,469"
29131,"25,590"
29133,"11,822"
29135,"15,256"
29137,"8,698"
29139,"11,459"
29141,"21,970"
29143,"15,424"
29145,"60,677"
29147,"20,695"
29149,"8,720"
29151,"13,468"
29153,"8,970"
29155,"14,613"
29157,"18,950"
29159,"43,530"
29161,"45,284"
29163,"17,935"
29165,"111,940"
29167,"32,780"
29169,"53,812"
29171,"4,638"
29173,"10,489"
29175,"24,109"
29177,"23,182"
29179,"5,950"
29181,"10,806"
29183,"416,659"
29185,"9,752"
29186,"18,642"
29187,"67,058"
29189,"987,059"
29195,"23,049"
29197,"4,053"
29199,"4,676"
29201,"37,889"
29203,"7,238"
29205,"5,931"
29207,"28,397"
29209,"32,658"
29211,"5,797"
29213,"56,775"
29215,"25,619"
29217,"19,710"
29219,"37,806"
29221,"23,534"
29223,"10,811"
29225,"41,472"
29227,"1,907"
29229,"19,403"
29510,"281,754"
30000,"1,132,812"
30001,"9,885"
30003,"12,751"
30005,"6,899"
30007,"8,032"
30009,"11,419"
30011,"1,418"
30013,"84,900"
30015,"5,847"
30017,"11,985"
30019,"1,633"
30021,"8,810"
30023,"9,673"
30025,"2,994"
30027,"11,772"
30029,"113,679"
30031,"126,409"
30033,"1,211"
30035,"13,609"
30037,835
30039,"3,595"
30041,"16,276"
30043,"13,048"
30045,"2,093"
30047,"33,338"
30049,"75,011"
30051,"1,974"
30053,"21,895"
30055,"1,676"
30057,"9,521"
30059,"2,071"
30061,"5,090"
30063,"121,849"
30065,"5,308"
30067,"17,903"
30069,554
30071,"4,249"
30073,"6,125"
30075,"1,743"
30077,"7,133"
30079,"1,112"
30081,"47,738"
30083,"11,173"
30085,"10,319"
30087,"8,160"
30089,"13,684"
30091,"3,498"
30093,"36,360"
30095,"9,173"
30097,"3,763"
30099,"6,430"
30101,"5,133"
30103,772
30105,"7,474"
30107,"2,057"
30109,910
30111,"170,843"
31000,"1,978,379"
31001,"30,899"
31003,"6,302"
31005,412
31007,674
31009,436
31011,"5,310"
31013,"10,692"
31015,"1,725"
31017,"2,853"
31019,"50,697"
31021,"6,727"
31023,"8,459"
31025,"27,446"
31027,"8,262"
31029,"3,724"
31031,"5,492"
31033,"9,541"
31035,"6,116"
31037,"10,566"
31039,"8,918"
31041,"10,581"
31043,"21,268"
31045,"8,133"
31047,"24,085"
31049,"1,871"
31051,"5,491"
31053,"37,187"
31055,"589,540"
31057,"1,561"
31059,"5,548"
31061,"2,825"
31063,"2,585"
31065,"4,556"
31067,"21,634"
31069,"1,794"
31071,"1,763"
31073,"1,847"
31075,565
31077,"2,219"
31079,"62,197"
31081,"9,537"
31083,"3,045"
31085,846
31087,"2,552"
31089,"10,093"
31091,679
31093,"6,527"
31095,"7,054"
31097,"5,198"
31099,"6,770"
31101,"8,113"
31103,805
31105,"3,289"
31107,"8,298"
31109,"326,716"
31111,"33,365"
31113,655
31115,592
31117,383
31119,"35,627"
31121,"7,755"
31123,"4,504"
31125,"3,274"
31127,"7,076"
31129,"4,095"
31131,"16,335"
31133,"2,512"
31135,"2,795"
31137,"9,057"
31139,"7,299"
31141,"34,609"
31143,"5,228"
31145,"10,457"
31147,"7,689"
31149,"1,271"
31151,"14,555"
31153,"199,886"
31155,"23,463"
31157,"35,699"
31159,"17,671"
31161,"4,928"
31163,"2,983"
31165,"1,154"
31167,"5,856"
31169,"4,829"
31171,677
31173,"6,557"
31175,"4,012"
31177,"21,152"
31179,"9,874"
31181,"3,351"
31183,775
31185,"14,356"
32000,"3,194,176"
32001,"25,803"
32003,"2,336,573"
32005,"49,545"
32007,"54,293"
32009,736
32011,"1,917"
32013,"17,136"
32015,"5,769"
32017,"4,452"
32019,"62,583"
32021,"4,528"
32023,"55,720"
32027,"6,364"
32029,"4,177"
32031,"498,022"
32033,"8,522"
32510,"58,036"
33000,"1,402,054"
33001,"65,027"
33003,"52,448"
33005,"77,703"
33007,"31,372"
33009,"93,146"
33011,"427,354"
33013,"157,103"
33015,"320,689"
33017,"133,243"
33019,"43,969"
34000,"9,290,841"
34001,"275,213"
34003,"957,736"
34005,"469,167"
34007,"527,196"
34009,"94,610"
34011,"152,326"
34013,"851,117"
34015,"308,423"
34017,"705,472"
34019,"130,183"
34021,"381,671"
34023,"863,623"
34025,"642,799"
34027,"514,423"
34029,"659,197"
34031,"513,395"
34033,"65,338"
34035,"348,842"
34037,"146,132"
34039,"572,726"
34041,"111,252"
35000,"2,114,371"
35001,"671,586"
35003,"3,825"
35005,"63,561"
35006,"26,780"
35007,"12,255"
35009,"47,222"
35011,"1,657"
35013,"225,210"
35015,"60,275"
35017,"27,472"
35019,"4,292"
35021,624
35023,"3,965"
35025,"72,101"
35027,"20,029"
35028,"19,444"
35029,"25,316"
35031,"68,797"
35033,"4,123"
35035,"68,835"
35037,"8,510"
35039,"39,876"
35041,"18,787"
35043,"155,936"
35045,"120,675"
35047,"26,668"
35049,"155,956"
35051,"11,488"
35053,"15,963"
35055,"34,405"
35057,"15,633"
35059,"3,964"
35061,"79,141"
36000,"19,571,216"
36001,"316,659"
36003,"46,651"
36005,"1,356,476"
36007,"196,077"
36009,"75,600"
36011,"74,485"
36013,"124,891"
36015,"81,325"
36017,"45,920"
36019,"78,115"
36021,"60,470"
36023,"45,752"
36025,"44,410"
36027,"297,150"
36029,"946,147"
36031,"36,775"
36033,"46,502"
36035,"52,234"
36037,"57,529"
36039,"47,062"
36041,"5,082"
36043,"59,484"
36045,"114,787"
36047,"2,561,225"
36049,"26,548"
36051,"61,158"
36053,"66,921"
36055,"748,482"
36057,"49,368"
36059,"1,381,715"
36061,"1,597,451"
36063,"209,457"
36065,"227,555"
36067,"467,873"
36069,"112,494"
36071,"407,470"
36073,"39,124"
36075,"118,162"
36077,"60,126"
36079,"98,060"
36081,"2,252,196"
36083,"159,305"
36085,"490,687"
36087,"340,807"
36089,"106,940"
36091,"238,711"
36093,"159,902"
36095,"30,105"
36097,"17,507"
36099,"32,349"
36101,"92,162"
36103,"1,523,170"
36105,"79,920"
36107,"47,715"
36109,"103,558"
36111,"182,333"
36113,"65,380"
36115,"60,047"
36117,"90,829"
36119,"990,817"
36121,"39,532"
36123,"24,472"
37000,"10,835,491"
37001,"179,165"
37003,"36,473"
37005,"11,342"
37007,"21,897"
37009,"27,063"
37011,"17,561"
37013,"44,481"
37015,"16,922"
37017,"29,484"
37019,"159,964"
37021,"275,901"
37023,"88,338"
37025,"240,016"
37027,"80,574"
37029,"11,137"
37031,"69,615"
37033,"22,807"
37035,"164,645"
37037,"81,624"
37039,"29,959"
37041,"13,891"
37043,"11,864"
37045,"101,378"
37047,"50,121"
37049,"102,391"
37051,"337,890"
37053,"31,593"
37055,"38,110"
37057,"174,804"
37059,"44,599"
37061,"49,520"
37063,"336,892"
37065,"48,832"
37067,"392,921"
37069,"77,001"
37071,"237,242"
37073,"10,343"
37075,"8,052"
37077,"62,192"
37079,"20,530"
37081,"549,866"
37083,"47,298"
37085,"141,477"
37087,"62,969"
37089,"119,230"
37091,"19,453"
37093,"54,446"
37095,"4,607"
37097,"199,710"
37099,"44,574"
37101,"241,955"
37103,"9,401"
37105,"67,059"
37107,"54,895"
37109,"95,675"
37111,"44,893"
37113,"38,412"
37115,"22,071"
37117,"21,447"
37119,"1,163,701"
37121,"14,999"
37123,"26,085"
37125,"106,898"
37127,"96,551"
37129,"238,852"
37131,"16,715"
37133,"213,676"
37135,"150,626"
37137,"12,423"
37139,"41,444"
37141,"68,521"
37143,"13,377"
37145,"39,737"
37147,"175,119"
37149,"20,060"
37151,"147,458"
37153,"42,324"
37155,"117,365"
37157,"92,518"
37159,"151,661"
37161,"65,507"
37163,"59,601"
37165,"34,376"
37167,"65,699"
37169,"45,532"
37171,"71,462"
37173,"13,916"
37175,"33,549"
37177,"3,461"
37179,"256,452"
37181,"42,301"
37183,"1,190,275"
37185,"18,836"
37187,"10,713"
37189,"54,748"
37191,"118,686"
37193,"66,013"
37195,"78,970"
37197,"37,774"
37199,"18,938"
38000,"783,926"
38001,"2,163"
38003,"10,726"
38005,"5,745"
38007,"1,034"
38009,"6,349"
38011,"2,867"
38013,"2,134"
38015,"100,012"
38017,"196,362"
38019,"3,596"
38021,"4,900"
38023,"2,135"
38025,"4,019"
38027,"2,263"
38029,"3,224"
38031,"3,309"
38033,"1,743"
38035,"72,708"
38037,"2,215"
38039,"2,248"
38041,"2,415"
38043,"2,342"
38045,"4,096"
38047,"1,869"
38049,"5,131"
38051,"2,488"
38053,"14,252"
38055,"9,832"
38057,"8,309"
38059,"33,895"
38061,"9,383"
38063,"2,991"
38065,"1,879"
38067,"6,661"
38069,"3,902"
38071,"11,463"
38073,"5,603"
38075,"2,279"
38077,"16,558"
38079,"11,728"
38081,"3,776"
38083,"1,266"
38085,"3,643"
38087,674
38089,"33,001"
38091,"1,782"
38093,"21,392"
38095,"2,030"
38097,"7,908"
38099,"10,305"
38101,"68,332"
38103,"3,876"
38105,"39,113"
39000,"11,785,935"
39001,"27,521"
39003,"100,838"
39005,"52,190"
39007,"96,845"
39009,"62,706"
39011,"46,050"
39013,"64,918"
39015,"43,777"
39017,"393,043"
39019,"26,758"
39021,"38,845"
39023,"134,610"
39025,"211,972"
39027,"41,938"
39029,"100,182"
39031,"36,869"
39033,"41,529"
39035,"1,233,088"
39037,"51,415"
39039,"38,315"
39041,"231,636"
39043,"74,035"
39045,"165,360"
39047,"28,817"
39049,"1,326,063"
39051,"42,007"
39053,"28,986"
39055,"95,407"
39057,"169,691"
39059,"38,089"
39061,"827,058"
39063,"74,704"
39065,"30,368"
39067,"14,159"
39069,"27,520"
39071,"43,614"
39073,"27,540"
39075,"44,386"
39077,"58,199"
39079,"32,606"
39081,"64,026"
39083,"63,320"
39085,"231,640"
39087,"56,118"
39089,"183,201"
39091,"46,057"
39093,"317,910"
39095,"425,484"
39097,"44,602"
39099,"225,596"
39101,"64,851"
39103,"184,042"
39105,"21,767"
39107,"42,439"
39109,"110,876"
39111,"13,153"
39113,"533,796"
39115,"13,646"
39117,"35,595"
39119,"86,305"
39121,"14,311"
39123,"39,803"
39125,"18,706"
39127,"35,551"
39129,"61,086"
39131,"27,001"
39133,"162,665"
39135,"40,556"
39137,"34,199"
39139,"125,064"
39141,"76,501"
39143,"58,709"
39145,"71,969"
39147,"54,527"
39149,"47,765"
39151,"372,716"
39153,"535,733"
39155,"200,373"
39157,"91,874"
39159,"69,637"
39161,"28,704"
39163,"12,474"
39165,"252,148"
39167,"58,577"
39169,"116,510"
39171,"36,591"
39173,"132,650"
39175,"21,457"
40000,"4,053,824"
40001,"19,627"
40003,"5,673"
40005,"14,525"
40007,"5,018"
40009,"22,042"
40011,"8,539"
40013,"48,967"
40015,"26,214"
40017,"175,829"
40019,"48,596"
40021,"48,185"
40023,"14,276"
40025,"2,191"
40027,"301,193"
40029,"5,266"
40031,"121,574"
40033,"5,427"
40035,"14,494"
40037,"73,332"
40039,"28,266"
40041,"41,703"
40043,"4,286"
40045,"3,648"
40047,"62,023"
40049,"25,865"
40051,"57,375"
40053,"4,083"
40055,"5,466"
40057,"2,392"
40059,"3,190"
40061,"11,832"
40063,"13,436"
40065,"24,669"
40067,"5,347"
40069,"10,216"
40071,"43,641"
40073,"15,481"
40075,"8,398"
40077,"9,526"
40079,"49,596"
40081,"34,562"
40083,"53,029"
40085,"10,296"
40087,"47,072"
40089,"30,660"
40091,"19,603"
40093,"7,581"
40095,"15,970"
40097,"39,889"
40099,"13,754"
40101,"66,677"
40103,"10,832"
40105,"9,438"
40107,"11,300"
40109,"808,866"
40111,"37,035"
40113,"46,130"
40115,"30,287"
40117,"15,864"
40119,"83,352"
40121,"43,479"
40123,"38,396"
40125,"73,791"
40127,"10,800"
40129,"3,295"
40131,"100,248"
40133,"23,565"
40135,"40,291"
40137,"44,014"
40139,"20,371"
40141,"6,869"
40143,"682,868"
40145,"89,280"
40147,"53,706"
40149,"10,736"
40151,"8,564"
40153,"19,947"
41000,"4,233,358"
41001,"16,912"
41003,"97,713"
41005,"423,173"
41007,"41,102"
41009,"53,880"
41011,"64,212"
41013,"26,952"
41015,"23,296"
41017,"208,513"
41019,"112,435"
41021,"2,026"
41023,"7,215"
41025,"7,440"
41027,"23,745"
41029,"220,768"
41031,"25,454"
41033,"87,821"
41035,"70,003"
41037,"8,293"
41039,"381,181"
41041,"50,821"
41043,"131,496"
41045,"32,044"
41047,"346,741"
41049,"12,302"
41051,"789,698"
41053,"89,805"
41055,"1,951"
41057,"27,417"
41059,"80,053"
41061,"25,944"
41063,"7,674"
41065,"26,333"
41067,"598,865"
41069,"1,436"
41071,"108,644"
42000,"12,961,683"
42001,"106,748"
42003,"1,224,825"
42005,"64,074"
42007,"165,631"
42009,"47,350"
42011,"432,821"
42013,"120,273"
42015,"59,695"
42017,"645,984"
42019,"198,413"
42021,"130,668"
42023,"4,380"
42025,"65,458"
42027,"157,795"
42029,"549,784"
42031,"36,970"
42033,"77,090"
42035,"37,607"
42037,"65,439"
42039,"82,001"
42041,"270,738"
42043,"289,234"
42045,"576,720"
42047,"30,198"
42049,"267,571"
42051,"123,915"
42053,"6,449"
42055,"157,854"
42057,"14,468"
42059,"34,357"
42061,"43,514"
42063,"83,094"
42065,"43,612"
42067,"23,243"
42069,"216,123"
42071,"558,589"
42073,"84,472"
42075,"144,252"
42077,"377,754"
42079,"327,388"
42081,"112,724"
42083,"39,519"
42085,"108,503"
42087,"45,922"
42089,"166,053"
42091,"868,742"
42093,"17,860"
42095,"319,091"
42097,"90,120"
42099,"46,083"
42101,"1,550,542"
42103,"61,247"
42105,"15,999"
42107,"143,786"
42109,"39,717"
42111,"72,197"
42113,"5,834"
42115,"38,109"
42117,"40,840"
42119,"42,042"
42121,"49,431"
42123,"37,572"
42125,"210,232"
42127,"51,262"
42129,"351,163"
42131,"25,902"
42133,"464,640"
44000,"1,095,962"
44001,"50,255"
44003,"171,278"
44005,"83,832"
44007,"660,615"
44009,"129,982"
45000,"5,373,555"
45001,"24,434"
45003,"177,130"
45005,"7,369"
45007,"213,076"
45009,"12,974"
45011,"20,447"
45013,"198,979"
45015,"255,217"
45017,"14,186"
45019,"424,367"
45021,"56,714"
45023,"32,226"
45025,"44,031"
45027,"31,004"
45029,"38,874"
45031,"62,416"
45033,"27,698"
45035,"169,833"
45037,"27,607"
45039,"20,422"
45041,"137,214"
45043,"65,731"
45045,"558,036"
45047,"69,460"
45049,"18,122"
45051,"397,478"
45053,"33,544"
45055,"69,905"
45057,"108,215"
45059,"68,873"
45061,"15,967"
45063,"309,528"
45065,"9,941"
45067,"28,508"
45069,"25,704"
45071,"38,825"
45073,"81,221"
45075,"82,820"
45077,"135,495"
45079,"425,138"
45081,"19,123"
45083,"356,698"
45085,"104,165"
45087,"26,629"
45089,"29,891"
45091,"298,320"
46000,"919,318"
46003,"2,782"
46005,"19,591"
46007,"3,305"
46009,"7,065"
46011,"35,980"
46013,"37,733"
46015,"5,311"
46017,"1,884"
46019,"10,863"
46021,"1,340"
46023,"9,240"
46025,"3,948"
46027,"15,431"
46029,"28,971"
46031,"3,782"
46033,"9,117"
46035,"19,922"
46037,"5,451"
46039,"4,354"
46041,"5,208"
46043,"2,838"
46045,"4,057"
46047,"7,393"
46049,"2,151"
46051,"7,553"
46053,"4,018"
46055,"1,851"
46057,"6,451"
46059,"3,107"
46061,"3,471"
46063,"1,324"
46065,"17,624"
46067,"7,394"
46069,"1,186"
46071,"2,776"
46073,"1,660"
46075,855
46077,"5,276"
46079,"11,031"
46081,"28,053"
46083,"73,238"
46085,"3,705"
46087,"5,809"
46089,"2,334"
46091,"4,390"
46093,"30,954"
46095,"1,851"
46097,"2,280"
46099,"206,930"
46101,"6,450"
46102,"13,434"
46103,"115,903"
46105,"2,834"
46107,"2,413"
46109,"10,206"
46111,"2,399"
46115,"6,166"
46117,"3,043"
46119,"1,494"
46121,"9,199"
46123,"5,621"
46125,"9,027"
46127,"17,183"
46129,"5,269"
46135,"23,517"
46137,"2,322"
47000,"7,126,489"
47001,"80,234"
47003,"53,055"
47005,"16,103"
47007,"15,060"
47009,"141,456"
47011,"111,579"
47013,"40,223"
47015,"15,063"
47017,"28,860"
47019,"57,022"
47021,"42,254"
47023,"17,606"
47025,"32,654"
47027,"7,714"
47029,"37,404"
47031,"60,633"
47033,"13,982"
47035,"64,760"
47037,"712,334"
47039,"11,656"
47041,"21,225"
47043,"56,729"
47045,"36,498"
47047,"44,175"
47049,"19,696"
47051,"44,654"
47053,"51,045"
47055,"30,721"
47057,"24,681"
47059,"72,577"
47061,"13,955"
47063,"66,216"
47065,"379,864"
47067,"6,956"
47069,"25,567"
47071,"27,229"
47073,"58,600"
47075,"17,328"
47077,"28,070"
47079,"32,554"
47081,"25,826"
47083,"8,393"
47085,"19,209"
47087,"12,363"
47089,"57,838"
47091,"18,375"
47093,"500,669"
47095,"6,347"
47097,"24,610"
47099,"46,114"
47101,"13,066"
47103,"36,169"
47105,"60,591"
47107,"55,678"
47109,"26,163"
47111,"26,793"
47113,"99,193"
47115,"29,382"
47117,"36,961"
47119,"110,760"
47121,"13,691"
47123,"48,594"
47125,"239,872"
47127,"6,748"
47129,"21,573"
47131,"30,411"
47133,"23,327"
47135,"8,891"
47137,"5,128"
47139,"18,033"
47141,"83,844"
47143,"33,924"
47145,"56,096"
47147,"76,776"
47149,"367,101"
47151,"22,171"
47153,"17,161"
47155,"99,415"
47157,"910,042"
47159,"20,538"
47161,"14,222"
47163,"162,135"
47165,"207,994"
47167,"62,015"
47169,"12,271"
47171,"17,756"
47173,"20,741"
47175,"6,493"
47177,"42,638"
47179,"138,420"
47181,"16,066"
47183,"33,084"
47185,"28,692"
47187,"264,460"
47189,"163,674"
48000,"30,503,301"
48001,"57,736"
48003,"18,664"
48005,"87,319"
48007,"25,374"
48009,"9,029"
48011,"1,832"
48013,"51,784"
48015,"31,677"
48017,"6,672"
48019,"22,637"
48021,"110,778"
48023,"3,463"
48025,"30,850"
48027,"393,193"
48029,"2,087,679"
48031,"13,048"
48033,572
48035,"18,996"
48037,"91,687"
48039,"398,938"
48041,"244,703"
48043,"9,513"
48045,"1,445"
48047,"6,848"
48049,"38,709"
48051,"19,475"
48053,"53,991"
48055,"49,859"
48057,"19,696"
48059,"14,374"
48061,"426,710"
48063,"13,000"
48065,"5,878"
48067,"28,659"
48069,"7,227"
48071,"53,876"
48073,"52,217"
48075,"6,788"
48077,"10,738"
48079,"2,509"
48081,"3,352"
48083,"7,842"
48085,"1,195,359"
48087,"2,563"
48089,"21,117"
48091,"193,928"
48093,"14,050"
48095,"3,297"
48097,"43,782"
48099,"84,878"
48101,"1,294"
48103,"4,574"
48105,"2,858"
48107,"4,917"
48109,"2,196"
48111,"7,237"
48113,"2,606,358"
48115,"12,004"
48117,"18,347"
48119,"5,520"
48121,"1,007,703"
48123,"19,929"
48125,"1,711"
48127,"8,257"
48129,"3,214"
48131,"9,604"
48133,"18,037"
48135,"164,494"
48137,"1,393"
48139,"222,829"
48141,"869,880"
48143,"44,195"
48145,"17,286"
48147,"37,571"
48149,"25,474"
48151,"3,612"
48153,"5,090"
48155,"1,079"
48157,"916,778"
48159,"10,735"
48161,"20,441"
48163,"17,987"
48165,"22,523"
48167,"361,744"
48169,"4,517"
48171,"27,733"
48173,"1,141"
48175,"7,144"
48177,"19,930"
48179,"20,916"
48181,"146,907"
48183,"126,243"
48185,"32,384"
48187,"188,454"
48189,"31,761"
48191,"2,818"
48193,"8,619"
48195,"5,071"
48197,"3,490"
48199,"58,261"
48201,"4,835,125"
48203,"70,895"
48205,"5,145"
48207,"5,385"
48209,"280,486"
48211,"3,189"
48213,"86,158"
48215,"898,471"
48217,"38,101"
48219,"21,460"
48221,"67,774"
48223,"38,172"
48225,"22,066"
48227,"30,554"
48229,"3,451"
48231,"113,347"
48233,"20,033"
48235,"1,549"
48237,"8,875"
48239,"15,221"
48241,"32,694"
48243,"1,856"
48245,"251,496"
48247,"4,720"
48249,"38,662"
48251,"202,906"
48253,"20,381"
48255,"15,018"
48257,"185,690"
48259,"50,537"
48261,343
48263,734
48265,"53,915"
48267,"4,442"
48269,217
48271,"3,148"
48273,"30,069"
48275,"3,302"
48277,"51,127"
48279,"12,711"
48281,"23,262"
48283,"6,537"
48285,"20,571"
48287,"18,240"
48289,"16,538"
48291,"108,272"
48293,"22,250"
48295,"2,906"
48297,"11,584"
48299,"22,875"
48301,43
48303,"320,940"
48305,"5,761"
48307,"7,452"
48309,"268,583"
48311,568
48313,"13,742"
48315,"9,571"
48317,"5,216"
48319,"3,931"
48321,"36,359"
48323,"57,762"
48325,"54,797"
48327,"1,958"
48329,"177,108"
48331,"25,951"
48333,"4,548"
48335,"9,075"
48337,"21,598"
48339,"711,354"
48341,"21,190"
48343,"12,066"
48345,"1,020"
48347,"65,375"
48349,"55,635"
48351,"12,039"
48353,"14,306"
48355,"352,289"
48357,"9,704"
48359,"1,783"
48361,"85,722"
48363,"29,747"
48365,"22,838"
48367,"173,494"
48369,"9,617"
48371,"14,623"
48373,"54,186"
48375,"114,647"
48377,"5,795"
48379,"12,986"
48381,"148,255"
48383,"3,141"
48385,"2,854"
48387,"11,678"
48389,"11,770"
48391,"6,666"
48393,840
48395,"17,267"
48397,"131,307"
48399,"9,868"
48401,"53,079"
48403,"10,106"
48405,"7,833"
48407,"28,936"
48409,"70,660"
48411,"5,845"
48413,"2,391"
48415,"16,212"
48417,"3,229"
48419,"24,179"
48421,"2,678"
48423,"245,209"
48425,"9,888"
48427,"65,934"
48429,"9,343"
48431,"1,397"
48433,"1,218"
48435,"3,221"
48437,"6,955"
48439,"2,182,947"
48441,"146,836"
48443,687
48445,"11,547"
48447,"1,526"
48449,"31,357"
48451,"119,057"
48453,"1,334,961"
48455,"14,228"
48457,"20,382"
48459,"43,281"
48461,"3,109"
48463,"24,960"
48465,"47,720"
48467,"64,000"
48469,"91,664"
48471,"81,268"
48473,"63,553"
48475,"10,966"
48477,"37,007"
48479,"269,148"
48481,"41,739"
48483,"4,804"
48485,"130,180"
48487,"12,522"
48489,"20,037"
48491,"697,191"
48493,"54,183"
48495,"7,414"
48497,"78,097"
48499,"47,921"
48501,"7,468"
48503,"18,124"
48505,"13,736"
48507,"9,312"
49000,"3,417,734"
49001,"7,233"
49003,"62,684"
49005,"142,393"
49007,"20,609"
49009,992
49011,"373,207"
49013,"20,477"
49015,"10,144"
49017,"5,314"
49019,"9,706"
49021,"64,211"
49023,"13,023"
49025,"8,425"
49027,"13,437"
49029,"13,000"
49031,"1,550"
49033,"2,670"
49035,"1,185,813"
49037,"14,358"
49039,"30,277"
49041,"22,344"
49043,"42,759"
49045,"82,051"
49047,"37,747"
49049,"719,174"
49051,"37,144"
49053,"202,452"
49055,"2,614"
49057,"271,926"
50000,"647,464"
50001,"37,720"
50003,"37,183"
50005,"30,610"
50007,"169,481"
50009,"6,010"
50011,"50,994"
50013,"7,467"
50015,"26,060"
50017,"29,943"
50019,"27,516"
50021,"60,271"
50023,"60,142"
50025,"45,966"
50027,"58,101"
51000,"8,715,698"
51001,"33,239"
51003,"115,676"
51005,"14,595"
51007,"13,480"
51009,"31,396"
51011,"16,864"
51013,"234,162"
51015,"78,247"
51017,"4,051"
51019,"81,525"
51021,"6,179"
51023,"34,125"
51025,"15,749"
51027,"19,087"
51029,"16,978"
51031,"55,270"
51033,"32,640"
51035,"29,239"
51036,"6,610"
51037,"11,336"
51041,"383,876"
51043,"15,466"
51045,"4,843"
51047,"54,973"
51049,"9,878"
51051,"13,640"
51053,"28,343"
51057,"10,598"
51059,"1,141,878"
51061,"75,165"
51063,"15,679"
51065,"28,462"
51067,"55,549"
51069,"95,994"
51071,"16,457"
51073,"40,057"
51075,"27,197"
51077,"15,285"
51079,"21,301"
51081,"11,133"
51083,"33,432"
51085,"114,148"
51087,"334,760"
51089,"49,702"
51091,"2,339"
51093,"40,711"
51095,"82,654"
51097,"6,720"
51099,"28,568"
51101,"19,030"
51103,"10,859"
51105,"21,745"
51107,"436,347"
51109,"41,037"
51111,"12,038"
51113,"14,128"
51115,"8,514"
51117,"30,648"
51119,"10,924"
51121,"98,666"
51125,"14,705"
51127,"26,134"
51131,"12,021"
51133,"12,391"
51135,"15,566"
51137,"38,574"
51139,"23,741"
51141,"17,509"
51143,"59,571"
51145,"32,105"
51147,"22,049"
51149,"42,871"
51153,"489,640"
51155,"33,655"
51157,"7,414"
51159,"9,184"
51161,"97,026"
51163,"22,358"
51165,"86,568"
51167,"25,477"
51169,"21,433"
51171,"45,228"
51173,"29,216"
51175,"17,975"
51177,"149,588"
51179,"165,428"
51181,"6,593"
51183,"10,757"
51185,"39,120"
51187,"41,843"
51191,"54,050"
51193,"19,013"
51195,"35,174"
51197,"28,104"
51199,"70,952"
51510,"155,230"
51520,"16,807"
51530,"6,566"
51540,"44,983"
51550,"253,886"
51570,"18,393"
51580,"5,545"
51590,"41,837"
51595,"5,463"
51600,"25,144"
51610,"14,685"
51620,"8,339"
51630,"28,928"
51640,"6,717"
51650,"137,098"
51660,"51,082"
51670,"22,752"
51678,"7,528"
51680,"79,535"
51683,"42,696"
51685,"16,361"
51690,"13,763"
51700,"183,118"
51710,"230,930"
51720,"3,492"
51730,"33,309"
51735,"12,635"
51740,"96,793"
51750,"16,971"
51760,"229,247"
51770,"97,171"
51775,"25,600"
51790,"25,915"
51800,"100,659"
51810,"453,649"
51820,"23,182"
51830,"15,847"
51840,"27,617"
53000,"7,812,880"
53001,"20,820"
53003,"22,549"
53005,"215,219"
53007,"79,997"
53009,"77,616"
53011,"521,150"
53013,"4,053"
53015,"112,864"
53017,"44,798"
53019,"7,497"
53021,"99,034"
53023,"2,363"
53025,"102,678"
53027,"77,290"
53029,"86,267"
53031,"33,714"
53033,"2,271,380"
53035,"277,658"
53037,"45,508"
53039,"23,589"
53041,"86,154"
53043,"11,738"
53045,"68,389"
53047,"43,712"
53049,"24,200"
53051,"14,361"
53053,"928,696"
53055,"18,566"
53057,"131,417"
53059,"12,640"
53061,"844,761"
53063,"551,455"
53065,"48,837"
53067,"299,003"
53069,"4,765"
53071,"61,568"
53073,"231,919"
53075,"48,012"
53077,"256,643"
54000,"1,770,071"
54001,"15,378"
54003,"132,440"
54005,"20,576"
54007,"12,162"
54009,"21,373"
54011,"92,082"
54013,"5,959"
54015,"7,783"
54017,"7,680"
54019,"39,072"
54021,"7,254"
54023,"10,921"
54025,"32,149"
54027,"23,649"
54029,"28,145"
54031,"14,251"
54033,"64,639"
54035,"27,593"
54037,"59,787"
54039,"174,805"
54041,"16,500"
54043,"19,701"
54045,"30,827"
54047,"17,439"
54049,"55,807"
54051,"29,405"
54053,"24,765"
54055,"58,057"
54057,"26,867"
54059,"22,023"
54061,"107,718"
54063,"12,382"
54065,"17,649"
54067,"24,169"
54069,"41,194"
54071,"6,029"
54073,"7,428"
54075,"7,765"
54077,"34,099"
54079,"56,962"
54081,"72,356"
54083,"27,350"
54085,"8,167"
54087,"13,743"
54089,"11,581"
54091,"16,388"
54093,"6,604"
54095,"7,919"
54097,"23,529"
54099,"37,686"
54101,"8,045"
54103,"13,890"
54105,"5,000"
54107,"83,052"
54109,"20,277"
55000,"5,910,955"
55001,"21,449"
55003,"16,079"
55005,"46,833"
55007,"16,769"
55009,"271,417"
55011,"13,419"
55013,"17,092"
55015,"53,199"
55017,"66,970"
55019,"34,774"
55021,"58,091"
55023,"15,944"
55025,"575,347"
55027,"88,231"
55029,"30,562"
55031,"44,264"
55033,"45,794"
55035,"107,903"
55037,"4,682"
55039,"103,948"
55041,"9,325"
55043,"51,409"
55045,"36,951"
55047,"19,344"
55049,"23,956"
55051,"6,228"
55053,"20,855"
55055,"85,743"
55057,"26,594"
55059,"167,488"
55061,"20,690"
55063,"120,486"
55065,"16,945"
55067,"19,404"
55069,"28,405"
55071,"81,331"
55073,"138,612"
55075,"42,106"
55077,"15,838"
55078,"4,226"
55079,"916,205"
55081,"46,151"
55083,"39,775"
55085,"38,226"
55087,"193,234"
55089,"93,460"
55091,"7,441"
55093,"43,026"
55095,"45,762"
55097,"71,024"
55099,"14,102"
55101,"196,613"
55103,"17,197"
55105,"164,278"
55107,"14,143"
55109,"96,763"
55111,"65,920"
55113,"18,552"
55115,"41,109"
55117,"117,752"
55119,"20,058"
55121,"30,899"
55123,"31,170"
55125,"23,885"
55127,"105,822"
55129,"16,930"
55131,"138,168"
55133,"412,591"
55135,"51,388"
55137,"24,934"
55139,"171,735"
55141,"73,939"
56000,"584,057"
56001,"38,257"
56003,"12,018"
56005,"47,498"
56007,"14,334"
56009,"13,809"
56011,"7,592"
56013,"39,815"
56015,"12,642"
56017,"4,661"
56019,"8,759"
56021,"100,984"
56023,"20,880"
56025,"79,941"
56027,"2,354"
56029,"30,735"
56031,"8,546"
56033,"32,519"
56035,"8,969"
56037,"41,249"
56039,"23,232"
56041,"20,745"
56043,"7,710"
56045,"6,808"
72000,"3,205,691"
72001,"17,900"
72003,"37,528"
72005,"53,622"
72007,"23,274"
72009,"24,602"
72011,"24,815"
72013,"85,641"
72015,"15,078"
72017,"22,376"
72019,"29,020"
72021,"180,835"
72023,"46,665"
72025,"124,608"
72027,"32,625"
72029,"41,513"
72031,"150,843"
72033,"22,108"
72035,"40,525"
72037,"10,843"
72039,"16,691"
72041,"39,418"
72043,"33,662"
72045,"18,601"
72047,"34,348"
72049,"1,761"
72051,"35,702"
72053,"31,166"
72054,"11,525"
72055,"12,415"
72057,"34,765"
72059,"16,813"
72061,"89,039"
72063,"39,971"
72065,"37,950"
72067,"15,336"
72069,"49,712"
72071,"42,794"
72073,"14,435"
72075,"45,919"
72077,"36,684"
72079,"22,872"
72081,"27,729"
72083,"8,672"
72085,"34,750"
72087,"22,302"
72089,"17,386"
72091,"38,655"
72093,"4,523"
72095,"10,266"
72097,"69,798"
72099,"37,325"
72101,"28,197"
72103,"22,838"
72105,"29,282"
72107,"21,204"
72109,"15,347"
72111,"19,563"
72113,"130,251"
72115,"23,254"
72117,"15,425"
72119,"45,568"
72121,"22,210"
72123,"24,718"
72125,"30,996"
72127,"333,005"
72129,"37,264"
72131,"38,926"
72133,"19,693"
72135,"65,957"
72137,"71,888"
72139,"66,705"
72141,"27,242"
72143,"34,638"
72145,"53,527"
72147,"7,999"
72149,"21,285"
72151,"28,897"
72153,"32,406"