FIPS,PCTPOVALL_2023
00000,12.5
01000,15.7
01001,11.7
01003,10.0
01005,25.5
01007,19.4
01009,12.8
01011,33.6
01013,23.6
01015,20.1
01017,17.1
01019,15.6
01021,15.3
01023,24.8
01025,19.0
01027,16.9
01029,15.8
01031,16.5
01033,15.4
01035,26.5
01037,18.2
01039,16.7
01041,19.5
01043,15.5
01045,16.6
01047,31.4
01049,21.6
01051,12.5
01053,21.3
01055,19.6
01057,16.2
01059,22.5
01061,19.2
01063,31.0
01065,23.0
01067,16.4
01069,16.5
01071,16.0
01073,16.0
01075,16.4
01077,13.6
01079,14.2
01081,17.9
01083,8.6
01085,29.4
01087,28.8
01089,10.5
01091,23.5
01093,19.0
01095,16.5
01097,16.3
01099,19.1
01101,18.3
01103,12.0
01105,33.8
01107,21.5
01109,23.8
01111,15.9
01113,18.9
01115,10.8
01117,8.4
01119,33.5
01121,17.0
01123,15.1
01125,19.2
01127,17.5
01129,18.7
01131,32.7
01133,16.6
02000,10.5
02013,18.0
02016,10.0
02020,8.9
02050,29.3
02060,11.7
02063,8.7
02066,14.2
02068,7.8
02070,23.4
02090,7.6
02100,10.0
02105,17.2
02110,9.1
02122,11.5
02130,9.3
02150,8.5
02158,30.8
02164,20.4
02170,9.7
02180,20.7
02185,12.0
02188,19.1
02195,8.4
02198,15.7
02220,9.3
02230,5.9
02240,12.2
02275,11.7
02282,15.3
02290,21.9
04000,12.6
04001,29.6
04003,16.3
04005,17.8
04007,17.7
04009,17.3
04011,9.7
04012,18.7
04013,11.1
04015,16.8
04017,24.7
04019,14.0
04021,11.8
04023,20.1
04025,12.8
04027,15.9
05000,15.4
05001,16.8
05003,18.4
05005,16.0
05007,7.8
05009,14.9
05011,23.2
05013,14.3
05015,14.8
05017,29.7
05019,18.9
05021,17.5
05023,13.5
05025,15.7
05027,23.3
05029,17.1
05031,16.1
05033,13.3
05035,20.6
05037,19.1
05039,19.6
05041,25.0
05043,20.6
05045,12.9
05047,19.0
05049,17.5
05051,18.9
05053,11.1
05055,16.2
05057,16.6
05059,16.9
05061,17.8
05063,13.5
05065,20.3
05067,24.6
05069,24.3
05071,17.1
05073,22.8
05075,18.3
05077,38.7
05079,26.2
05081,17.7
05083,16.6
05085,9.6
05087,14.8
05089,17.4
05091,21.5
05093,24.9
05095,26.3
05097,18.8
05099,23.2
05101,18.8
05103,18.8
05105,14.1
05107,34.2
05109,18.2
05111,19.1
05113,18.8
05115,13.5
05117,15.4
05119,15.7
05121,18.5
05123,34.3
05125,9.3
05127,19.5
05129,20.2
05131,12.8
05133,18.7
05135,19.7
05137,17.7
05139,19.0
05141,16.5
05143,13.5
05145,15.7
05147,24.4
05149,16.5
06000,12.0
06001,9.5
06003,15.6
06005,11.7
06007,19.9
06009,12.2
06011,12.3
06013,8.3
06015,13.8
06017,7.0
06019,17.7
06021,13.5
06023,16.7
06025,17.3
06027,11.8
06029,19.0
06031,17.5
06033,17.6
06035,17.1
06037,13.7
06039,18.0
06041,8.7
06043,17.3
06045,13.9
06047,18.6
06049,20.1
06051,7.8
06053,14.0
06055,8.9
06057,10.9
06059,9.2
06061,6.5
06063,12.7
06065,11.3
06067,11.9
06069,9.1
06071,13.2
06073,10.1
06075,11.9
06077,12.6
06079,12.8
06081,7.3
06083,14.9
06085,7.6
06087,12.6
06089,13.2
06091,12.6
06093,17.1
06095,10.3
06097,9.1
06099,12.6
06101,15.3
06103,15.0
06105,20.8
06107,17.5
06109,10.5
06111,9.8
06113,15.3
06115,15.4
08000,9.4
08001,9.7
08003,21.7
08005,10.1
08007,11.2
08009,20.2
08011,28.6
08013,11.0
08014,5.1
08015,9.4
08017,13.3
08019,7.7
08021,18.1
08023,22.6
08025,37.5
08027,11.8
08029,12.9
08031,10.5
08033,13.5
08035,3.7
08037,6.6
08039,5.8
08041,7.3
08043,18.4
08045,9.1
08047,7.2
08049,8.2
08051,10.7
08053,5.3
08055,18.3
08057,13.3
08059,7.4
08061,13.6
08063,12.3
08065,11.4
08067,11.5
08069,10.2
08071,17.1
08073,14.8
08075,14.0
08077,11.9
08079,9.7
08081,10.8
08083,14.0
08085,10.7
08087,12.5
08089,20.1
08091,7.4
08093,8.1
08095,12.1
08097,6.4
08099,20.1
08101,13.5
08103,10.8
08105,17.8
08107,5.6
08109,20.6
08111,12.3
08113,7.9
08115,14.7
08117,7.3
08119,8.3
08121,14.2
08123,9.1
08125,12.7
09000,10.2
09110,9.8
09120,11.3
09130,7.1
09140,11.4
09150,7.6
09160,8.4
09170,12.5
09180,12.4
09190,8.0
10000,10.8
10001,11.7
10003,10.9
10005,10.1
11000,15.2
11001,15.2
12000,12.4
12001,18.5
12003,12.5
12005,11.8
12007,15.4
12009,10.3
12011,12.7
12013,22.9
12015,9.1
12017,15.7
12019,7.9
12021,10.5
12023,17.0
12027,18.8
12029,23.7
12031,14.5
12033,14.0
12035,8.9
12037,16.6
12039,21.5
12041,13.5
12043,16.9
12045,14.9
12047,21.9
12049,20.5
12051,22.1
12053,12.1
12055,18.6
12057,13.2
12059,18.2
12061,11.3
12063,20.6
12065,23.5
12067,18.9
12069,10.7
12071,12.1
12073,17.6
12075,18.3
12077,20.8
12079,19.8
12081,10.4
12083,15.0
12085,13.1
12086,14.1
12087,10.0
12089,9.5
12091,10.1
12093,17.0
12095,12.4
12097,10.9
12099,10.8
12101,10.5
12103,11.3
12105,13.0
12107,21.1
12109,6.1
12111,10.4
12113,8.1
12115,9.5
12117,9.2
12119,9.7
12121,17.3
12123,19.7
12125,19.4
12127,11.9
12129,10.4
12131,10.9
12133,16.8
13000,13.7
13001,21.1
13003,22.4
13005,22.9
13007,26.2
13009,21.4
13011,12.2
13013,11.2
13015,9.7
13017,24.4
13019,18.8
13021,22.1
13023,18.2
13025,17.8
13027,22.8
13029,8.2
13031,23.7
13033,21.2
13035,15.5
13037,35.5
13039,11.6
13043,21.5
13045,14.3
13047,10.7
13049,26.2
13051,15.2
13053,16.3
13055,20.7
13057,6.6
13059,24.1
13061,26.4
13063,17.3
13065,23.3
13067,8.8
13069,22.5
13071,23.4
13073,6.8
13075,19.9
13077,9.9
13079,15.8
13081,26.0
13083,14.1
13085,8.0
13087,22.3
13089,13.3
13091,23.5
13093,22.5
13095,26.4
13097,11.9
13099,25.5
13101,21.6
13103,8.5
13105,18.0
13107,26.1
13109,23.7
13111,13.9
13113,5.8
13115,17.0
13117,5.1
13119,16.9
13121,13.0
13123,13.6
13125,15.7
13127,15.7
13129,12.9
13131,19.7
13133,14.1
13135,11.4
13137,13.5
13139,11.0
13141,30.3
13143,16.3
13145,8.6
13147,14.9
13149,16.5
13151,10.3
13153,12.8
13155,19.4
13157,8.3
13159,14.8
13161,19.7
13163,22.5
13165,28.9
13167,26.2
13169,12.7
13171,14.2
13173,17.5
13175,19.2
13177,9.0
13179,16.2
13181,15.1
13183,15.1
13185,19.5
13187,15.1
13189,19.1
13191,18.7
13193,31.6
13195,13.0
13197,24.2
13199,15.9
13201,21.1
13205,23.8
13207,11.7
13209,20.7
13211,11.2
13213,14.4
13215,20.7
13217,11.8
13219,7.5
13221,13.1
13223,7.7
13225,17.3
13227,10.1
13229,16.2
13231,11.2
13233,17.3
13235,23.0
13237,15.6
13239,23.7
13241,13.0
13243,26.7
13245,22.2
13247,13.0
13249,15.3
13251,22.5
13253,22.3
13255,16.3
13257,15.6
13259,32.5
13261,26.3
13263,27.3
13265,24.5
13267,25.7
13269,26.6
13271,30.1
13273,28.1
13275,18.4
13277,19.2
13279,22.8
13281,11.6
13283,24.0
13285,18.1
13287,23.9
13289,21.3
13291,10.7
13293,17.5
13295,15.1
13297,10.1
13299,19.9
13301,24.2
13303,21.6
13305,19.7
13307,20.7
13309,36.3
13311,10.8
13313,15.5
13315,28.4
13317,17.8
13319,20.6
13321,21.4
15000,10.2
15001,16.5
15003,9.1
15005,
15007,9.4
15009,9.4
16000,10.1
16001,8.0
16003,12.2
16005,11.9
16007,10.1
16009,13.0
16011,11.1
16013,6.9
16015,10.1
16017,10.5
16019,10.2
16021,11.5
16023,14.6
16025,8.2
16027,10.1
16029,9.7
16031,11.5
16033,15.3
16035,14.5
16037,14.6
16039,11.8
16041,7.1
16043,11.2
16045,10.9
16047,12.8
16049,13.7
16051,7.8
16053,12.3
16055,9.3
16057,14.3
16059,13.0
16061,13.5
16063,12.1
16065,20.6
16067,11.2
16069,11.0
16071,10.0
16073,11.8
16075,11.2
16077,12.4
16079,15.7
16081,6.6
16083,10.5
16085,7.8
16087,13.5
17000,11.6
17001,12.2
17003,25.8
17005,13.6
17007,10.8
17009,13.7
17011,11.4
17013,9.9
17015,12.9
17017,11.6
17019,16.2
17021,12.1
17023,12.0
17025,14.9
17027,7.5
17029,17.3
17031,13.2
17033,14.2
17035,11.2
17037,12.5
17039,10.8
17041,9.0
17043,6.6
17045,13.6
17047,13.9
17049,9.8
17051,17.0
17053,11.0
17055,17.9
17057,11.8
17059,17.5
17061,13.8
17063,6.8
17065,11.3
17067,13.0
17069,19.2
17071,13.2
17073,9.6
17075,12.3
17077,20.7
17079,9.4
17081,15.4
17083,10.8
17085,8.6
17087,15.2
17089,8.4
17091,11.5
17093,5.1
17095,16.3
17097,8.2
17099,11.6
17101,18.3
17103,10.1
17105,11.1
17107,14.4
17109,19.9
17111,6.3
17113,11.0
17115,15.7
17117,13.0
17119,11.1
17121,16.0
17123,10.2
17125,14.9
17127,17.7
17129,10.3
17131,9.8
17133,4.9
17135,14.7
17137,13.9
17139,11.0
17141,9.2
17143,16.8
17145,17.0
17147,6.8
17149,15.0
17151,16.1
17153,22.4
17155,8.8
17157,11.8
17159,13.1
17161,14.8
17163,13.4
17165,18.5
17167,11.9
17169,13.7
17171,11.4
17173,10.6
17175,11.3
17177,12.7
17179,8.9
17181,15.9
17183,19.5
17185,14.4
17187,12.1
17189,8.7
17191,12.7
17193,14.9
17195,11.4
17197,7.2
17199,16.8
17201,14.7
17203,6.9
18000,12.2
18001,11.4
18003,13.0
18005,10.0
18007,9.9
18009,15.7
18011,4.7
18013,9.9
18015,9.2
18017,13.1
18019,9.4
18021,12.6
18023,11.4
18025,17.7
18027,10.6
18029,7.9
18031,10.6
18033,11.3
18035,19.4
18037,7.7
18039,11.7
18041,16.1
18043,10.2
18045,10.6
18047,8.8
18049,11.0
18051,11.0
18053,20.0
18055,11.9
18057,4.8
18059,5.7
18061,8.6
18063,5.6
18065,12.7
18067,12.7
18069,8.9
18071,10.1
18073,8.7
18075,13.4
18077,12.1
18079,13.4
18081,7.2
18083,15.7
18085,9.4
18087,8.4
18089,14.3
18091,14.3
18093,12.1
18095,13.0
18097,15.6
18099,10.6
18101,13.2
18103,15.2
18105,17.7
18107,10.9
18109,9.8
18111,10.2
18113,10.6
18115,9.2
18117,13.7
18119,12.5
18121,15.2
18123,14.3
18125,10.8
18127,9.3
18129,9.3
18131,11.3
18133,10.8
18135,14.6
18137,10.3
18139,10.8
18141,14.2
18143,14.5
18145,11.2
18147,8.7
18149,13.1
18151,10.2
18153,15.6
18155,12.8
18157,17.1
18159,9.0
18161,11.2
18163,13.8
18165,12.5
18167,20.2
18169,11.8
18171,9.6
18173,8.3
18175,13.0
18177,17.3
18179,8.6
18181,10.8
18183,8.5
19000,11.1
19001,9.8
19003,11.6
19005,11.1
19007,16.1
19009,10.2
19011,8.0
19013,14.2
19015,8.2
19017,7.8
19019,8.8
19021,12.2
19023,7.9
19025,11.6
19027,9.3
19029,14.8
19031,7.9
19033,10.7
19035,9.9
19037,8.8
19039,10.5
19041,10.5
19043,10.5
19045,13.3
19047,11.2
19049,6.0
19051,11.6
19053,18.3
19055,8.7
19057,14.3
19059,7.9
19061,9.6
19063,9.8
19065,13.9
19067,11.5
19069,11.3
19071,9.8
19073,10.7
19075,6.7
19077,9.9
19079,8.5
19081,9.9
19083,10.4
19085,9.8
19087,12.7
19089,9.9
19091,9.6
19093,9.4
19095,7.6
19097,9.3
19099,9.6
19101,14.1
19103,15.5
19105,10.3
19107,11.1
19109,10.2
19111,14.4
19113,9.9
19115,9.8
19117,13.7
19119,7.8
19121,7.0
19123,11.7
19125,8.0
19127,12.0
19129,8.5
19131,9.2
19133,12.6
19135,10.2
19137,13.0
19139,11.7
19141,9.1
19143,10.5
19145,13.8
19147,10.7
19149,8.7
19151,11.1
19153,11.5
19155,11.6
19157,10.3
19159,14.1
19161,10.0
19163,11.0
19165,8.8
19167,6.9
19169,14.9
19171,12.3
19173,13.0
19175,13.7
19177,14.8
19179,13.8
19181,5.8
19183,9.5
19185,14.7
19187,14.0
19189,11.4
19191,7.9
19193,12.9
19195,9.2
19197,11.0
20000,11.2
20001,16.0
20003,11.6
20005,13.6
20007,11.7
20009,15.0
20011,15.4
20013,12.2
20015,9.2
20017,11.4
20019,14.7
20021,15.2
20023,12.2
20025,12.2
20027,11.0
20029,12.1
20031,9.8
20033,12.1
20035,15.2
20037,17.3
20039,13.9
20041,10.5
20043,12.3
20045,13.3
20047,12.0
20049,17.1
20051,15.6
20053,12.3
20055,11.9
20057,11.6
20059,11.1
20061,11.0
20063,9.4
20065,12.7
20067,11.2
20069,8.7
20071,11.1
20073,14.3
20075,11.5
20077,14.1
20079,8.2
20081,10.8
20083,10.4
20085,10.5
20087,8.3
20089,12.1
20091,5.3
20093,10.2
20095,11.9
20097,12.1
20099,15.5
20101,10.2
20103,8.3
20105,11.8
20107,11.0
20109,10.2
20111,13.7
20113,8.3
20115,10.9
20117,9.2
20119,9.6
20121,7.0
20123,10.5
20125,17.3
20127,11.7
20129,12.0
20131,8.4
20133,14.9
20135,10.2
20137,13.9
20139,10.8
20141,12.1
20143,10.2
20145,12.8
20147,10.1
20149,7.9
20151,9.5
20153,10.9
20155,11.8
20157,11.9
20159,10.6
20161,18.0
20163,11.2
20165,12.4
20167,13.1
20169,11.5
20171,7.9
20173,13.6
20175,14.4
20177,12.6
20179,11.0
20181,13.7
20183,11.9
20185,14.0
20187,10.7
20189,10.5
20191,11.2
20193,9.4
20195,10.7
20197,9.0
20199,13.4
20201,11.3
20203,10.5
20205,14.3
20207,13.9
20209,17.1
21000,16.1
21001,22.1
21003,16.4
21005,9.0
21007,14.4
21009,18.0
21011,17.8
21013,28.9
21015,7.4
21017,14.2
21019,18.1
21021,14.7
21023,14.3
21025,30.3
21027,16.5
21029,8.4
21031,15.0
21033,15.8
21035,17.6
21037,10.3
21039,12.9
21041,16.2
21043,19.2
21045,21.1
21047,17.8
21049,10.8
21051,37.2
21053,23.6
21055,17.9
21057,23.1
21059,16.2
21061,16.0
21063,25.8
21065,22.7
21067,15.7
21069,18.1
21071,26.5
21073,11.8
21075,25.9
21077,13.1
21079,17.6
21081,13.0
21083,17.6
21085,17.8
21087,17.6
21089,15.9
21091,11.9
21093,14.2
21095,29.7
21097,13.9
21099,17.7
21101,13.2
21103,14.6
21105,18.7
21107,16.0
21109,23.9
21111,16.2
21113,10.3
21115,25.0
21117,10.6
21119,26.1
21121,35.0
21123,16.1
21125,21.8
21127,20.6
21129,31.1
21131,26.7
21133,23.8
21135,22.1
21137,19.1
21139,14.3
21141,14.8
21143,15.9
21145,15.7
21147,35.9
21149,14.7
21151,13.8
21153,29.2
21155,14.6
21157,13.8
21159,48.1
21161,17.0
21163,11.7
21165,25.1
21167,13.4
21169,24.2
21171,23.7
21173,14.6
21175,24.7
21177,20.2
21179,12.9
21181,17.2
21183,16.0
21185,5.8
21187,15.4
21189,33.1
21191,13.2
21193,29.7
21195,23.4
21197,22.1
21199,17.0
21201,19.6
21203,21.8
21205,24.0
21207,22.3
21209,10.0
21211,11.6
21213,13.7
21215,7.0
21217,19.4
21219,16.3
21221,13.6
21223,13.2
21225,14.5
21227,14.2
21229,13.1
21231,25.0
21233,15.4
21235,26.9
21237,28.6
21239,10.6
22000,18.9
22001,25.0
22003,20.1
22005,10.7
22007,18.3
22009,27.0
22011,15.7
22013,25.3
22015,13.8
22017,22.8
22019,17.6
22021,20.3
22023,13.8
22025,30.0
22027,29.2
22029,25.2
22031,17.7
22033,20.0
22035,46.5
22037,19.9
22039,22.2
22041,23.9
22043,20.4
22045,22.1
22047,20.2
22049,19.4
22051,17.1
22053,17.8
22055,16.9
22057,19.4
22059,20.0
22061,28.4
22063,14.1
22065,34.1
22067,31.3
22069,24.3
22071,23.1
22073,21.4
22075,15.6
22077,20.1
22079,19.9
22081,24.5
22083,25.1
22085,19.3
22087,18.0
22089,12.9
22091,22.8
22093,15.1
22095,16.8
22097,23.2
22099,18.1
22101,21.4
22103,11.9
22105,19.0
22107,30.8
22109,16.1
22111,18.3
22113,17.5
22115,16.7
22117,23.3
22119,20.3
22121,13.6
22123,19.6
22125,22.3
22127,24.2
23000,10.5
23001,13.0
23003,12.1
23005,6.9
23007,13.6
23009,10.1
23011,11.5
23013,8.6
23015,9.8
23017,14.5
23019,12.6
23021,15.3
23023,8.7
23025,13.3
23027,12.7
23029,20.1
23031,8.1
24000,9.7
24001,18.8
24003,6.3
24005,9.8
24009,4.9
24011,13.3
24013,6.4
24015,10.0
24017,7.8
24019,15.7
24021,6.4
24023,10.8
24025,7.3
24027,5.6
24029,13.0
24031,7.2
24033,11.0
24035,6.5
24037,8.4
24039,22.9
24041,10.1
24043,11.5
24045,15.4
24047,10.1
24510,20.2
25000,10.5
25001,8.9
25003,12.5
25005,12.7
25007,8.5
25009,9.6
25011,11.9
25013,17.6
25015,12.4
25017,7.7
25019,6.5
25021,7.7
25023,8.0
25025,15.1
25027,10.9
26000,13.5
26001,15.8
26003,12.9
26005,9.9
26007,15.9
26009,10.1
26011,15.0
26013,15.6
26015,8.3
26017,12.8
26019,9.7
26021,13.6
26023,14.9
26025,14.0
26027,12.3
26029,9.1
26031,14.0
26033,13.6
26035,21.1
26037,7.0
26039,14.0
26041,14.1
26043,11.8
26045,10.1
26047,9.4
26049,17.9
26051,14.2
26053,17.3
26055,7.4
26057,16.3
26059,14.8
26061,17.1
26063,14.3
26065,16.2
26067,13.3
26069,18.8
26071,17.9
26073,21.0
26075,13.7
26077,13.0
26079,14.0
26081,10.5
26083,12.0
26085,21.2
26087,9.4
26089,7.2
26091,10.6
26093,5.6
26095,20.2
26097,13.6
26099,10.6
26101,14.1
26103,14.3
26105,14.6
26107,18.4
26109,14.8
26111,12.1
26113,11.5
26115,11.3
26117,13.8
26119,17.7
26121,14.0
26123,14.0
26125,8.3
26127,14.8
26129,15.7
26131,13.0
26133,16.8
26135,18.7
26137,10.4
26139,9.0
26141,13.1
26143,15.7
26145,16.2
26147,11.7
26149,11.7
26151,13.3
26153,14.5
26155,12.2
26157,14.3
26159,14.7
26161,14.6
26163,20.6
26165,13.4
27000,9.2
27001,12.1
27003,6.5
27005,11.8
27007,17.1
27009,13.7
27011,11.8
27013,14.3
27015,8.1
27017,9.1
27019,4.6
27021,14.7
27023,13.5
27025,5.6
27027,13.1
27029,13.0
27031,10.7
27033,11.2
27035,9.2
27037,6.0
27039,7.4
27041,8.7
27043,11.3
27045,9.6
27047,10.5
27049,7.3
27051,10.7
27053,10.1
27055,7.8
27057,10.7
27059,7.7
27061,12.7
27063,8.0
27065,10.0
27067,12.1
27069,9.2
27071,12.4
27073,9.5
27075,8.7
27077,10.5
27079,7.4
27081,9.7
27083,11.2
27085,7.9
27087,19.3
27089,9.1
27091,13.2
27093,8.4
27095,10.7
27097,10.2
27099,13.1
27101,10.5
27103,8.7
27105,11.3
27107,12.3
27109,8.0
27111,10.6
27113,10.3
27115,11.3
27117,10.3
27119,10.7
27121,8.7
27123,11.9
27125,9.9
27127,11.9
27129,11.2
27131,10.3
27133,9.8
27135,9.0
27137,13.3
27139,5.3
27141,5.7
27143,8.8
27145,11.0
27147,7.8
27149,8.9
27151,10.5
27153,11.7
27155,13.6
27157,8.1
27159,13.5
27161,9.4
27163,5.0
27165,10.0
27167,10.1
27169,12.1
27171,5.4
27173,9.7
28000,18.3
28001,25.2
28003,18.7
28005,22.8
28007,19.4
28009,20.0
28011,38.7
28013,17.5
28015,17.2
28017,19.6
28019,17.1
28021,32.7
28023,18.3
28025,20.7
28027,30.8
28029,21.4
28031,19.3
28033,9.2
28035,19.0
28037,18.7
28039,14.4
28041,22.1
28043,20.9
28045,15.6
28047,16.0
28049,21.0
28051,35.6
28053,32.8
28055,49.6
28057,14.0
28059,13.4
28061,20.1
28063,30.2
28065,25.0
28067,19.0
28069,25.9
28071,14.1
28073,13.1
28075,23.6
28077,19.0
28079,20.6
28081,13.5
28083,28.8
28085,18.9
28087,19.9
28089,10.0
28091,21.5
28093,21.1
28095,17.3
28097,21.6
28099,20.5
28101,18.3
28103,28.9
28105,25.5
28107,26.2
28109,18.9
28111,19.6
28113,23.6
28115,13.3
28117,17.7
28119,32.1
28121,9.8
28123,21.1
28125,34.5
28127,20.1
28129,16.8
28131,15.6
28133,32.5
28135,31.2
28137,15.1
28139,17.3
28141,15.4
28143,27.6
28145,14.9
28147,20.6
28149,20.8
28151,35.5
28153,21.0
28155,16.4
28157,32.2
28159,27.4
28161,20.7
28163,30.9
29000,12.0
29001,18.2
29003,8.4
29005,11.3
29007,15.1
29009,15.5
29011,15.5
29013,13.9
29015,18.1
29017,14.6
29019,14.4
29021,15.1
29023,18.6
29025,11.5
29027,13.0
29029,10.9
29031,12.6
29033,12.9
29035,19.4
29037,7.0
29039,15.0
29041,10.4
29043,7.4
29045,14.5
29047,7.8
29049,9.7
29051,9.4
29053,10.2
29055,14.7
29057,14.2
29059,15.9
29061,12.8
29063,11.6
29065,17.5
29067,16.3
29069,23.0
29071,9.8
29073,10.5
29075,14.5
29077,14.1
29079,16.0
29081,16.2
29083,16.3
29085,17.5
29087,12.2
29089,12.0
29091,16.7
29093,19.0
29095,12.0
29097,15.5
29099,9.2
29101,13.6
29103,16.6
29105,17.0
29107,11.2
29109,14.9
29111,15.3
29113,8.4
29115,15.3
29117,13.9
29119,18.2
29121,12.5
29123,16.0
29125,11.8
29127,12.4
29129,12.8
29131,14.4
29133,20.5
29135,10.2
29137,12.3
29139,14.7
29141,14.9
29143,19.9
29145,13.0
29147,15.1
29149,18.9
29151,10.5
29153,20.2
29155,27.4
29157,10.0
29159,14.0
29161,15.8
29163,14.6
29165,6.1
29167,14.6
29169,11.4
29171,15.3
29173,10.0
29175,13.8
29177,9.9
29179,19.8
29181,20.5
29183,5.5
29185,18.2
29186,9.6
29187,15.3
29189,9.7
29195,17.6
29197,14.5
29199,13.1
29201,15.1
29203,22.9
29205,15.3
29207,13.7
29209,12.3
29211,12.9
29213,13.6
29215,20.3
29217,16.9
29219,8.6
29221,19.7
29223,22.4
29225,12.9
29227,13.4
29229,17.5
29510,20.1
30000,11.8
30001,12.9
30003,21.7
30005,20.5
30007,8.7
30009,10.6
30011,13.7
30013,12.1
30015,15.0
30017,13.6
30019,10.7
30021,12.7
30023,13.0
30025,9.1
30027,11.2
30029,9.9
30031,8.8
30033,16.9
30035,28.0
30037,16.4
30039,11.6
30041,19.0
30043,8.5
30045,13.7
30047,13.9
30049,9.3
30051,16.5
30053,15.2
30055,14.6
30057,9.1
30059,13.8
30061,13.4
30063,11.4
30065,16.3
30067,11.3
30069,13.0
30071,16.8
30073,19.3
30075,11.7
30077,16.8
30079,13.4
30081,10.7
30083,9.5
30085,24.3
30087,20.2
30089,14.5
30091,11.9
30093,15.8
30095,8.3
30097,10.0
30099,13.3
30101,17.0
30103,12.6
30105,15.4
30107,18.5
30109,12.7
30111,9.9
31000,10.2
31001,11.9
31003,10.6
31005,13.3
31007,11.6
31009,16.3
31011,9.7
31013,12.0
31015,12.6
31017,11.6
31019,8.1
31021,10.3
31023,8.3
31025,6.6
31027,8.6
31029,9.8
31031,11.0
31033,12.3
31035,9.6
31037,9.7
31039,8.6
31041,8.9
31043,13.6
31045,15.6
31047,10.5
31049,11.9
31051,8.4
31053,9.8
31055,11.5
31057,13.5
31059,8.8
31061,12.6
31063,13.1
31065,12.0
31067,10.3
31069,15.9
31071,10.9
31073,8.9
31075,10.3
31077,10.8
31079,10.8
31081,7.4
31083,10.1
31085,13.5
31087,14.2
31089,11.8
31091,9.6
31093,10.1
31095,11.0
31097,12.9
31099,7.9
31101,11.2
31103,17.3
31105,12.3
31107,13.7
31109,10.8
31111,12.5
31113,9.2
31115,16.6
31117,12.0
31119,11.6
31121,9.3
31123,14.5
31125,11.3
31127,11.8
31129,10.8
31131,8.0
31133,13.7
31135,9.3
31137,8.3
31139,9.2
31141,8.4
31143,7.3
31145,11.5
31147,11.1
31149,13.7
31151,10.5
31153,4.9
31155,6.5
31157,15.5
31159,6.9
31161,14.6
31163,12.3
31165,14.4
31167,7.2
31169,9.3
31171,13.0
31173,19.6
31175,11.9
31177,6.1
31179,12.4
31181,12.5
31183,12.8
31185,9.4
32000,12.2
32001,10.8
32003,12.9
32005,8.2
32007,9.0
32009,14.8
32011,11.5
32013,10.4
32015,11.5
32017,13.9
32019,9.6
32021,17.3
32023,15.4
32027,16.8
32029,7.4
32031,9.9
32033,12.1
32510,10.4
33000,7.3
33001,8.0
33003,8.8
33005,9.0
33007,13.5
33009,9.4
33011,6.5
33013,7.7
33015,5.4
33017,9.3
33019,9.1
34000,9.7
34001,11.9
34003,6.6
34005,6.8
34007,12.3
34009,9.4
34011,17.0
34013,14.2
34015,8.4
34017,15.2
34019,4.8
34021,10.6
34023,8.6
34025,6.7
34027,4.8
34029,10.0
34031,13.9
34033,10.6
34035,5.5
34037,5.4
34039,8.9
34041,8.3
35000,16.9
35001,13.5
35003,18.6
35005,20.1
35006,23.7
35007,17.8
35009,18.9
35011,18.0
35013,19.8
35015,16.5
35017,19.9
35019,24.9
35021,15.1
35023,24.0
35025,17.0
35027,16.2
35028,3.8
35029,26.4
35031,34.3
35033,20.9
35035,19.4
35037,22.8
35039,18.5
35041,19.3
35043,11.7
35045,19.9
35047,24.7
35049,12.2
35051,23.5
35053,25.2
35055,18.5
35057,23.0
35059,18.4
35061,17.3
36000,14.1
36001,12.9
36003,15.0
36005,27.7
36007,16.8
36009,18.6
36011,13.3
36013,16.7
36015,16.9
36017,14.3
36019,13.7
36021,13.7
36023,16.0
36025,16.3
36027,8.0
36029,14.1
36031,13.0
36033,14.6
36035,14.0
36037,10.4
36039,13.5
36041,10.6
36043,14.1
36045,13.3
36047,19.1
36049,11.0
36051,11.3
36053,11.0
36055,13.1
36057,15.8
36059,5.8
36061,16.5
36063,13.8
36065,15.7
36067,13.6
36069,8.2
36071,12.7
36073,11.7
36075,14.9
36077,14.2
36079,7.3
36081,13.8
36083,12.4
36085,13.1
36087,15.2
36089,19.0
36091,7.2
36093,14.0
36095,13.5
36097,13.3
36099,14.1
36101,14.2
36103,7.0
36105,14.5
36107,13.3
36109,15.7
36111,12.7
36113,10.5
36115,11.5
36117,11.0
36119,9.3
36121,10.6
36123,12.3
37000,12.8
37001,12.5
37003,12.4
37005,16.3
37007,24.1
37009,15.3
37011,15.9
37013,19.3
37015,24.3
37017,19.3
37019,10.3
37021,12.9
37023,15.9
37025,9.1
37027,13.6
37029,8.0
37031,10.6
37033,16.5
37035,11.9
37037,8.4
37039,14.6
37041,15.1
37043,12.1
37045,17.2
37047,20.1
37049,15.5
37051,15.3
37053,7.8
37055,8.9
37057,14.0
37059,9.7
37061,19.8
37063,10.6
37065,22.6
37067,14.8
37069,11.3
37071,13.5
37073,14.0
37075,16.9
37077,11.4
37079,22.0
37081,14.8
37083,25.5
37085,13.7
37087,11.0
37089,10.6
37091,22.7
37093,18.5
37095,23.3
37097,9.2
37099,17.0
37101,10.8
37103,19.1
37105,14.7
37107,23.1
37109,10.7
37111,15.1
37113,13.5
37115,13.8
37117,19.7
37119,10.2
37121,14.8
37123,15.6
37125,10.5
37127,14.4
37129,12.1
37131,20.7
37133,12.4
37135,11.7
37137,15.0
37139,15.5
37141,11.4
37143,15.1
37145,14.3
37147,19.4
37149,12.8
37151,15.5
37153,22.6
37155,27.7
37157,13.6
37159,14.6
37161,15.2
37163,18.5
37165,28.6
37167,11.0
37169,10.5
37171,13.9
37173,15.6
37175,12.5
37177,21.4
37179,8.4
37181,23.2
37183,7.2
37185,20.3
37187,22.6
37189,18.6
37191,17.1
37193,16.3
37195,18.8
37197,12.9
37199,15.9
38000,10.0
38001,11.8
38003,11.5
38005,22.7
38007,10.5
38009,10.8
38011,9.5
38013,9.0
38015,7.7
38017,9.7
38019,9.2
38021,11.5
38023,9.8
38025,11.2
38027,11.5
38029,13.7
38031,11.4
38033,11.7
38035,12.5
38037,16.3
38039,11.6
38041,12.7
38043,14.2
38045,9.4
38047,14.1
38049,12.3
38051,13.5
38053,8.1
38055,9.9
38057,8.1
38059,7.9
38061,11.6
38063,9.8
38065,10.8
38067,8.9
38069,11.0
38071,12.4
38073,9.3
38075,8.3
38077,10.9
38079,23.5
38081,8.7
38083,16.5
38085,34.9
38087,14.3
38089,9.6
38091,8.3
38093,11.0
38095,9.4
38097,8.4
38099,9.6
38101,7.4
38103,12.1
38105,7.7
39000,13.2
39001,19.0
39003,14.1
39005,13.5
39007,17.8
39009,25.3
39011,8.5
39013,15.3
39015,15.1
39017,11.9
39019,11.9
39021,8.8
39023,15.2
39025,8.9
39027,12.5
39029,15.7
39031,16.2
39033,12.4
39035,16.0
39037,9.8
39039,8.9
39041,5.0
39043,12.4
39045,8.4
39047,14.4
39049,15.1
39051,8.0
39053,17.4
39055,6.3
39057,9.9
39059,15.4
39061,13.6
39063,10.6
39065,14.8
39067,14.5
39069,8.5
39071,12.1
39073,15.9
39075,8.8
39077,13.2
39079,17.3
39081,16.1
39083,11.4
39085,10.1
39087,16.9
39089,9.7
39091,11.2
39093,11.0
39095,18.2
39097,9.3
39099,19.5
39101,16.0
39103,7.6
39105,20.8
39107,7.6
39109,9.6
39111,14.8
39113,15.2
39115,15.2
39117,10.8
39119,17.3
39121,15.0
39123,8.8
39125,10.1
39127,13.7
39129,11.6
39131,19.5
39133,12.9
39135,10.4
39137,6.5
39139,14.4
39141,16.5
39143,10.3
39145,18.6
39147,12.8
39149,10.4
39151,12.3
39153,12.9
39155,17.2
39157,13.4
39159,5.4
39161,10.9
39163,18.8
39165,5.9
39167,12.8
39169,9.2
39171,11.1
39173,9.8
39175,8.8
40000,15.8
40001,23.1
40003,19.8
40005,20.0
40007,13.5
40009,21.8
40011,16.3
40013,18.1
40015,21.1
40017,7.9
40019,17.1
40021,18.7
40023,23.5
40025,17.4
40027,12.9
40029,21.3
40031,19.5
40033,17.3
40035,18.8
40037,15.7
40039,18.2
40041,21.0
40043,13.8
40045,14.0
40047,14.4
40049,18.0
40051,13.1
40053,14.0
40055,25.7
40057,25.1
40059,12.5
40061,17.4
40063,24.2
40065,16.5
40067,24.2
40069,19.9
40071,18.8
40073,12.0
40075,21.7
40077,23.1
40079,21.0
40081,20.5
40083,11.2
40085,14.4
40087,9.5
40089,22.2
40091,19.2
40093,12.3
40095,15.7
40097,16.9
40099,12.6
40101,20.8
40103,13.3
40105,17.4
40107,25.0
40109,16.0
40111,19.3
40113,14.2
40115,21.6
40117,17.2
40119,22.0
40121,18.4
40123,13.9
40125,17.1
40127,23.6
40129,18.3
40131,9.6
40133,19.0
40135,22.3
40137,14.9
40139,11.5
40141,19.7
40143,15.1
40145,10.4
40147,15.1
40149,17.4
40151,18.0
40153,14.7
41000,12.1
41001,16.2
41003,16.2
41005,6.9
41007,15.3
41009,9.8
41011,16.0
41013,12.8
41015,15.8
41017,8.7
41019,16.0
41021,11.8
41023,15.3
41025,15.2
41027,10.0
41029,12.6
41031,13.9
41033,15.1
41035,19.3
41037,17.0
41039,14.7
41041,15.4
41043,14.2
41045,19.7
41047,14.1
41049,13.2
41051,12.8
41053,11.8
41055,14.5
41057,11.5
41059,16.5
41061,13.6
41063,13.0
41065,13.6
41067,8.1
41069,18.4
41071,10.6
42000,11.9
42001,9.3
42003,11.6
42005,11.9
42007,10.4
42009,11.2
42011,11.9
42013,14.4
42015,13.9
42017,6.7
42019,9.3
42021,13.2
42023,15.3
42025,12.0
42027,17.1
42029,6.2
42031,14.2
42033,15.4
42035,15.5
42037,12.6
42039,12.6
42041,8.2
42043,12.9
42045,10.8
42047,10.0
42049,14.5
42051,18.9
42053,24.8
42055,8.2
42057,12.7
42059,15.5
42061,13.0
42063,16.5
42065,18.8
42067,10.8
42069,16.1
42071,8.6
42073,13.6
42075,8.7
42077,12.1
42079,16.4
42081,12.8
42083,15.9
42085,12.6
42087,15.2
42089,9.6
42091,6.9
42093,9.8
42095,9.8
42097,12.3
42099,10.1
42101,20.3
42103,10.0
42105,12.7
42107,14.2
42109,10.9
42111,12.0
42113,13.8
42115,12.0
42117,13.0
42119,11.3
42121,13.8
42123,11.4
42125,9.5
42127,12.8
42129,10.8
42131,13.5
42133,8.5
44000,11.4
44001,7.9
44003,9.0
44005,11.3
44007,12.7
44009,9.1
45000,13.9
45001,15.3
45003,14.1
45005,32.6
45007,13.5
45009,27.7
45011,27.2
45013,9.5
45015,9.8
45017,14.6
45019,11.0
45021,16.8
45023,20.1
45025,20.3
45027,20.0
45029,23.0
45031,22.3
45033,24.4
45035,10.2
45037,16.8
45039,20.7
45041,18.8
45043,13.8
45045,11.3
45047,16.9
45049,24.2
45051,12.9
45053,16.2
45055,12.6
45057,10.8
45059,16.7
45061,24.5
45063,11.2
45065,17.6
45067,25.4
45069,27.2
45071,17.5
45073,14.6
45075,21.7
45077,16.8
45079,15.9
45081,16.1
45083,14.0
45085,17.5
45087,23.4
45089,24.8
45091,9.6
46000,11.4
46003,11.0
46005,16.3
46007,27.7
46009,13.4
46011,11.2
46013,10.0
46015,12.6
46017,33.1
46019,12.0
46021,11.0
46023,21.4
46025,11.1
46027,17.5
46029,11.4
46031,33.7
46033,8.5
46035,9.4
46037,13.3
46039,9.2
46041,26.2
46043,8.7
46045,10.2
46047,14.1
46049,13.0
46051,9.9
46053,14.5
46055,10.6
46057,7.2
46059,8.5
46061,9.0
46063,12.1
46065,8.6
46067,9.8
46069,11.2
46071,29.8
46073,12.7
46075,14.1
46077,10.0
46079,9.4
46081,11.1
46083,3.3
46085,19.3
46087,8.0
46089,15.4
46091,11.1
46093,7.9
46095,26.0
46097,10.5
46099,9.7
46101,9.8
46102,37.1
46103,11.6
46105,14.5
46107,9.2
46109,16.3
46111,12.4
46115,10.7
46117,7.6
46119,7.6
46121,35.6
46123,16.1
46125,8.4
46127,5.7
46129,15.8
46135,11.4
46137,46.2
47000,13.8
47001,14.4
47003,13.3
47005,17.6
47007,21.6
47009,9.7
47011,15.0
47013,20.6
47015,14.4
47017,17.4
47019,16.9
47021,8.7
47023,16.7
47025,18.6
47027,21.2
47029,20.4
47031,14.5
47033,14.9
47035,14.6
47037,12.3
47039,19.2
47041,16.3
47043,9.9
47045,17.7
47047,12.8
47049,18.9
47051,12.9
47053,14.7
47055,15.3
47057,15.5
47059,14.8
47061,22.8
47063,17.3
47065,12.9
47067,26.7
47069,21.5
47071,19.7
47073,17.2
47075,21.0
47077,14.0
47079,18.3
47081,15.9
47083,17.0
47085,14.7
47087,20.0
47089,12.9
47091,20.9
47093,13.8
47095,34.0
47097,24.6
47099,14.9
47101,16.1
47103,14.5
47105,10.5
47107,14.9
47109,15.5
47111,16.2
47113,18.6
47115,15.1
47117,10.7
47119,10.7
47121,15.6
47123,16.0
47125,12.6
47127,9.9
47129,16.2
47131,19.3
47133,14.3
47135,17.5
47137,16.6
47139,15.0
47141,17.3
47143,16.0
47145,13.4
47147,9.9
47149,9.1
47151,21.0
47153,15.1
47155,12.2
47157,18.2
47159,11.7
47161,12.9
47163,13.5
47165,8.9
47167,14.8
47169,15.8
47171,12.3
47173,15.9
47175,14.7
47177,17.6
47179,16.3
47181,18.0
47183,18.6
47185,13.7
47187,4.9
47189,6.6
48000,13.7
48001,21.4
48003,11.4
48005,17.2
48007,17.1
48009,9.7
48011,10.5
48013,18.4
48015,11.6
48017,16.4
48019,12.9
48021,11.3
48023,17.4
48025,24.9
48027,11.5
48029,14.7
48031,8.5
48033,11.9
48035,11.7
48037,14.8
48039,9.4
48041,23.7
48043,13.7
48045,13.9
48047,29.7
48049,14.8
48051,13.9
48053,9.9
48055,13.7
48057,14.6
48059,12.7
48061,23.5
48063,17.6
48065,9.1
48067,16.5
48069,17.7
48071,8.6
48073,18.9
48075,19.9
48077,11.7
48079,22.0
48081,13.0
48083,17.7
48085,6.4
48087,18.9
48089,14.5
48091,7.1
48093,17.6
48095,22.2
48097,12.5
48099,12.2
48101,20.1
48103,11.7
48105,15.3
48107,21.7
48109,20.5
48111,12.2
48113,13.8
48115,19.7
48117,16.5
48119,15.1
48121,6.1
48123,18.3
48125,18.4
48127,27.3
48129,16.9
48131,29.1
48133,16.3
48135,11.7
48137,19.7
48139,7.4
48141,18.5
48143,15.8
48145,20.1
48147,14.2
48149,9.3
48151,14.3
48153,20.3
48155,16.8
48157,8.5
48159,14.1
48161,15.4
48163,25.6
48165,13.4
48167,11.5
48169,18.5
48171,10.0
48173,8.1
48175,13.8
48177,17.6
48179,17.3
48181,10.9
48183,16.0
48185,14.9
48187,8.1
48189,19.3
48191,22.1
48193,13.7
48195,11.6
48197,16.4
48199,11.5
48201,16.0
48203,17.2
48205,8.5
48207,19.3
48209,9.8
48211,10.1
48213,16.9
48215,26.9
48217,14.2
48219,15.1
48221,8.1
48223,13.0
48225,21.8
48227,18.0
48229,32.0
48231,12.7
48233,14.3
48235,8.9
48237,13.2
48239,14.0
48241,16.6
48243,12.8
48245,20.1
48247,24.6
48249,21.2
48251,9.9
48253,20.5
48255,23.6
48257,9.6
48259,6.9
48261,14.9
48263,11.6
48265,12.0
48267,17.4
48269,9.7
48271,21.0
48273,22.1
48275,20.5
48277,19.2
48279,18.3
48281,11.5
48283,27.1
48285,12.5
48287,11.2
48289,13.7
48291,14.5
48293,18.0
48295,12.6
48297,17.0
48299,11.7
48301,4.7
48303,17.1
48305,16.7
48307,18.5
48309,16.7
48311,12.4
48313,18.3
48315,21.7
48317,11.9
48319,12.4
48321,17.9
48323,22.8
48325,13.1
48327,20.0
48329,10.9
48331,15.9
48333,14.7
48335,21.1
48337,13.4
48339,10.1
48341,13.5
48343,19.3
48345,16.8
48347,19.6
48349,15.7
48351,18.5
48353,20.4
48355,17.3
48357,11.1
48359,12.3
48361,14.5
48363,16.9
48365,13.6
48367,8.2
48369,13.4
48371,21.2
48373,18.1
48375,17.8
48377,22.9
48379,13.8
48381,8.7
48383,10.7
48385,15.7
48387,18.4
48389,17.6
48391,16.8
48393,9.0
48395,17.0
48397,5.1
48399,15.3
48401,14.2
48403,14.5
48405,20.3
48407,16.7
48409,17.2
48411,18.4
48413,16.0
48415,15.7
48417,12.8
48419,18.0
48421,12.8
48423,13.2
48425,8.8
48427,28.8
48429,18.4
48431,11.5
48433,15.9
48435,13.4
48437,19.4
48439,11.0
48441,13.3
48443,18.6
48445,19.3
48447,13.1
48449,15.7
48451,14.6
48453,10.2
48455,18.9
48457,18.5
48459,13.9
48461,15.3
48463,21.0
48465,20.2
48467,12.0
48469,14.1
48471,22.4
48473,13.9
48475,14.1
48477,14.5
48479,22.5
48481,15.3
48483,14.3
48485,17.6
48487,16.9
48489,27.8
48491,6.4
48493,9.9
48495,13.5
48497,9.4
48499,15.2
48501,13.0
48503,14.5
48505,30.4
48507,28.9
49000,9.0
49001,9.9
49003,8.5
49005,10.7
49007,14.0
49009,7.6
49011,6.0
49013,12.4
49015,10.8
49017,10.0
49019,10.6
49021,11.6
49023,8.2
49025,8.9
49027,9.3
49029,4.3
49031,14.1
49033,7.6
49035,9.5
49037,18.8
49039,12.9
49041,10.7
49043,5.1
49045,6.8
49047,11.1
49049,9.0
49051,5.0
49053,10.6
49055,11.4
49057,8.5
50000,9.9
50001,8.7
50003,11.9
50005,14.0
50007,7.8
50009,14.4
50011,9.9
50013,8.7
50015,9.6
50017,9.7
50019,14.1
50021,11.8
50023,8.6
50025,10.1
50027,9.9
51000,10.2
51001,17.3
51003,8.0
51005,13.9
51007,10.0
51009,12.5
51011,11.4
51013,7.1
51015,8.2
51017,10.5
51019,9.9
51021,13.9
51023,6.3
51025,20.8
51027,22.8
51029,18.1
51031,12.4
51033,9.3
51035,16.1
51036,11.3
51037,20.8
51041,6.9
51043,7.3
51045,12.3
51047,9.6
51049,14.2
51051,19.4
51053,11.8
51057,13.0
51059,6.1
51061,6.1
51063,11.1
51065,7.6
51067,11.4
51069,7.4
51071,11.3
51073,7.9
51075,6.7
51077,16.4
51079,8.9
51081,27.3
51083,19.7
51085,5.3
51087,9.4
51089,16.9
51091,12.9
51093,7.3
51095,7.2
51097,12.7
51099,6.3
51101,7.1
51103,12.6
51105,25.0
51107,4.1
51109,9.4
51111,19.1
51113,10.1
51115,9.2
51117,14.6
51119,12.9
51121,23.8
51125,13.8
51127,5.6
51131,17.5
51133,12.1
51135,17.8
51137,8.0
51139,14.2
51141,14.4
51143,13.7
51145,6.1
51147,25.1
51149,11.3
51153,6.7
51155,16.5
51157,9.0
51159,15.6
51161,7.2
51163,11.4
51165,10.1
51167,18.5
51169,20.5
51171,9.9
51173,15.1
51175,13.3
51177,6.6
51179,5.3
51181,12.4
51183,20.9
51185,21.0
51187,9.3
51191,12.8
51193,12.5
51195,18.2
51197,13.5
51199,6.5
51510,8.5
51520,21.8
51530,14.6
51540,19.6
51550,10.0
51570,10.4
51580,17.7
51590,23.4
51595,20.1
51600,7.4
51610,5.1
51620,19.8
51630,12.7
51640,20.8
51650,13.4
51660,23.8
51670,20.0
51678,21.4
51680,19.1
51683,10.7
51685,7.7
51690,22.5
51700,15.7
51710,18.3
51720,20.6
51730,21.2
51735,5.8
51740,18.7
51750,26.4
51760,17.6
51770,18.4
51775,10.4
51790,11.3
51800,11.1
51810,8.7
51820,12.9
51830,18.8
51840,16.2
53000,10.3
53001,15.1
53003,14.9
53005,11.2
53007,10.2
53009,11.9
53011,7.5
53013,13.6
53015,13.2
53017,11.8
53019,17.2
53021,12.8
53023,14.1
53025,15.2
53027,15.1
53029,8.6
53031,11.0
53033,8.8
53035,8.7
53037,15.2
53039,11.9
53041,13.7
53043,10.7
53045,12.0
53047,16.7
53049,13.1
53051,14.4
53053,9.9
53055,9.4
53057,9.7
53059,11.0
53061,8.8
53063,12.5
53065,11.9
53067,9.9
53069,11.3
53071,14.9
53073,12.9
53075,24.8
53077,16.1
54000,16.4
54001,20.0
54003,11.3
54005,20.8
54007,19.7
54009,14.1
54011,19.8
54013,21.3
54015,23.5
54017,18.9
54019,16.7
54021,26.4
54023,16.6
54025,18.2
54027,14.2
54029,14.1
54031,13.8
54033,14.4
54035,14.8
54037,9.0
54039,15.6
54041,16.4
54043,21.7
54045,19.4
54047,36.2
54049,14.7
54051,15.1
54053,18.0
54055,19.7
54057,13.9
54059,28.8
54061,18.3
54063,16.4
54065,10.7
54067,19.3
54069,14.5
54071,13.9
54073,14.5
54075,19.2
54077,17.3
54079,10.3
54081,18.2
54083,18.9
54085,17.7
54087,19.6
54089,22.6
54091,14.1
54093,17.6
54095,19.0
54097,18.3
54099,18.2
54101,26.3
54103,17.4
54105,17.7
54107,13.7
54109,21.5
55000,10.6
55001,13.2
55003,14.1
55005,10.0
55007,10.0
55009,9.7
55011,10.2
55013,13.5
55015,4.6
55017,9.0
55019,11.7
55021,7.9
55023,14.0
55025,10.0
55027,8.6
55029,8.8
55031,9.5
55033,10.9
55035,10.8
55037,10.7
55039,9.2
55041,15.8
55043,13.7
55045,8.3
55047,10.4
55049,8.4
55051,13.5
55053,12.6
55055,9.3
55057,12.5
55059,11.3
55061,8.7
55063,12.1
55065,11.2
55067,13.6
55069,9.9
55071,9.2
55073,9.6
55075,11.4
55077,11.6
55078,27.4
55079,17.1
55081,12.8
55083,8.6
55085,8.2
55087,6.3
55089,4.8
55091,10.3
55093,8.3
55095,9.1
55097,9.8
55099,12.0
55101,10.7
55103,13.0
55105,11.2
55107,13.7
55109,5.7
55111,9.4
55113,15.0
55115,11.5
55117,8.9
55119,11.3
55121,11.8
55123,12.5
55125,12.3
55127,10.5
55129,10.8
55131,6.0
55133,5.5
55135,12.1
55137,10.5
55139,10.3
55141,9.8
56000,10.4
56001,16.7
56003,12.6
56005,8.5
56007,11.4
56009,10.4
56011,7.1
56013,13.5
56015,14.4
56017,11.1
56019,8.4
56021,9.6
56023,7.0
56025,10.5
56027,15.8
56029,9.7
56031,11.0
56033,9.4
56035,7.6
56037,10.0
56039,6.2
56041,10.3
56043,12.3
56045,11.4