FIPS,Unemployment_rate_2023,Median_Household_Income_2022,Med_HH_Income_Percent_of_State_Total_2022
00000,3.6,"74,755",
01000,2.5,"59,703",100.0
01001,2.2,"70,148",117.5
01003,2.3,"71,704",120.1
01005,4.4,"41,151",68.9
01007,2.5,"54,309",91.0
01009,2.1,"60,553",101.4
01011,2.4,"35,798",60.0
01013,2.9,"41,852",70.1
01015,2.8,"52,772",88.4
01017,2.4,"45,563",76.3
01019,2.4,"52,613",88.1
01021,2.2,"61,823",103.6
01023,4.0,"44,458",74.5
01025,5.0,"44,906",75.2
01027,2.4,"49,599",83.1
01029,2.3,"49,248",82.5
01031,2.5,"62,429",104.6
01033,2.9,"54,593",91.4
01035,3.5,"36,106",60.5
01037,2.6,"49,485",82.9
01039,2.7,"46,958",78.7
01041,2.7,"49,161",82.3
01043,2.0,"61,774",103.5
01045,2.5,"50,567",84.7
01047,5.4,"35,258",59.1
01049,2.3,"50,037",83.8
01051,2.1,"71,463",119.7
01053,3.1,"47,792",80.0
01055,2.8,"55,487",92.9
01057,2.9,"49,205",82.4
01059,2.6,"49,611",83.1
01061,2.4,"51,585",86.4
01063,4.8,"35,449",59.4
01065,3.3,"44,702",74.9
01067,2.6,"56,702",95.0
01069,2.6,"56,842",95.2
01071,2.5,"51,965",87.0
01073,2.5,"61,996",103.8
01075,2.8,"51,523",86.3
01077,2.5,"59,023",98.9
01079,2.3,"55,516",93.0
01081,2.3,"59,637",99.9
01083,2.1,"83,159",139.3
01085,4.6,"42,268",70.8
01087,3.2,"36,601",61.3
01089,2.0,"80,426",134.7
01091,3.3,"45,587",76.4
01093,2.9,"47,742",80.0
01095,2.1,"53,388",89.4
01097,3.1,"54,315",91.0
01099,4.3,"47,498",79.6
01101,2.8,"56,862",95.2
01103,2.0,"62,260",104.3
01105,5.0,"33,585",56.3
01107,3.0,"45,440",76.1
01109,2.7,"45,144",75.6
01111,2.4,"49,433",82.8
01113,2.8,"45,074",75.5
01115,2.1,"70,361",117.9
01117,1.8,"98,263",164.6
01119,3.7,"35,152",58.9
01121,2.8,"55,186",92.4
01123,2.5,"55,270",92.6
01125,2.3,"60,875",102.0
01127,2.6,"51,065",85.5
01129,2.6,"53,785",90.1
01131,8.0,"33,682",56.4
01133,2.7,"51,149",85.7
02000,4.2,"88,072",100.0
02013,2.1,"85,852",97.5
02016,3.0,"112,218",127.4
02020,3.4,"99,162",112.6
02050,9.7,"59,011",67.0
02060,3.7,"96,382",109.4
02063,4.7,"91,356",103.7
02066,7.6,"63,837",72.5
02068,6.0,"90,897",103.2
02070,6.4,"69,716",79.2
02090,3.8,"84,166",95.6
02100,6.6,"70,610",80.2
02105,5.6,"64,181",72.9
02110,3.0,"102,097",115.9
02122,4.7,"76,254",86.6
02130,3.7,"82,648",93.8
02150,4.4,"83,222",94.5
02158,15.1,"41,824",47.5
02164,5.9,"63,038",71.6
02170,4.8,"86,313",98.0
02180,7.7,"64,480",73.2
02185,4.9,"95,795",108.8
02188,9.6,"69,234",78.6
02195,5.1,"76,641",87.0
02198,6.7,"58,381",66.3
02201,,,
02220,3.0,"90,345",102.6
02230,5.8,"73,603",83.6
02232,,,
02240,5.2,"74,732",84.9
02261,,,
02275,4.9,"67,761",76.9
02280,,,
02282,6.0,"78,552",89.2
02290,9.0,"47,798",54.3
04000,3.9,"74,355",100.0
04001,7.9,"40,632",54.6
04003,4.5,"55,254",74.3
04005,4.2,"64,016",86.1
04007,4.3,"51,928",69.8
04009,3.7,"63,797",85.8
04011,2.9,"76,338",102.7
04012,4.8,"53,925",72.5
04013,3.4,"83,668",112.5
04015,4.5,"54,842",73.8
04017,5.7,"49,948",67.2
04019,3.8,"64,007",86.1
04021,4.1,"76,232",102.5
04023,7.6,"53,467",71.9
04025,3.6,"64,187",86.3
04027,13.2,"54,209",72.9
05000,3.3,"55,505",100.0
05001,2.7,"52,145",93.9
05003,5.6,"47,253",85.1
05005,3.6,"48,573",87.5
05007,2.4,"86,374",155.6
05009,3.1,"53,025",95.5
05011,4.6,"44,982",81.0
05013,2.9,"52,535",94.6
05015,2.9,"50,433",90.9
05017,5.8,"38,217",68.9
05019,4.7,"50,519",91.0
05021,4.1,"46,855",84.4
05023,3.9,"52,662",94.9
05025,3.5,"55,533",100.1
05027,4.3,"47,278",85.2
05029,3.8,"52,405",94.4
05031,2.7,"60,580",109.1
05033,3.4,"54,741",98.6
05035,4.2,"49,644",89.4
05037,3.4,"48,299",87.0
05039,3.9,"44,476",80.1
05041,4.6,"41,251",74.3
05043,4.2,"48,635",87.6
05045,2.9,"63,429",114.3
05047,3.2,"48,248",86.9
05049,3.8,"42,588",76.7
05051,3.7,"53,239",95.9
05053,2.9,"63,512",114.4
05055,3.3,"54,475",98.1
05057,3.4,"46,423",83.6
05059,3.5,"50,654",91.3
05061,3.5,"46,449",83.7
05063,3.4,"57,611",103.8
05065,5.1,"43,920",79.1
05067,5.1,"43,579",78.5
05069,4.6,"45,894",82.7
05071,4.4,"46,660",84.1
05073,4.9,"42,437",76.5
05075,3.4,"47,312",85.2
05077,5.2,"35,213",63.4
05079,4.0,"48,311",87.0
05081,3.5,"48,883",88.1
05083,4.0,"48,510",87.4
05085,2.7,"66,160",119.2
05087,2.6,"51,233",92.3
05089,4.1,"49,313",88.8
05091,3.6,"48,652",87.7
05093,4.9,"45,168",81.4
05095,3.9,"33,090",59.6
05097,4.9,"46,069",83.0
05099,3.7,"44,649",80.4
05101,3.4,"47,996",86.5
05103,3.9,"49,275",88.8
05105,3.6,"56,640",102.0
05107,6.5,"36,098",65.0
05109,3.5,"41,348",74.5
05111,3.3,"47,372",85.3
05113,3.6,"45,289",81.6
05115,3.9,"57,881",104.3
05117,3.1,"51,017",91.9
05119,3.2,"57,057",102.8
05121,3.5,"45,638",82.2
05123,5.0,"38,062",68.6
05125,2.7,"70,330",126.7
05127,3.0,"42,599",76.7
05129,4.3,"38,070",68.6
05131,3.4,"52,679",94.9
05133,3.8,"49,384",89.0
05135,3.9,"45,740",82.4
05137,4.1,"41,063",74.0
05139,4.6,"50,258",90.5
05141,4.0,"47,150",84.9
05143,2.3,"62,100",111.9
05145,3.5,"56,866",102.5
05147,3.6,"41,225",74.3
05149,3.7,"50,275",90.6
06000,4.8,"91,517",100.0
06001,4.1,"121,190",132.4
06003,6.5,"71,646",78.3
06005,5.1,"74,356",81.2
06007,5.2,"63,353",69.2
06009,4.2,"73,175",80.0
06011,13.0,"72,963",79.7
06013,4.1,"119,667",130.8
06015,5.7,"57,297",62.6
06017,4.0,"104,859",114.6
06019,7.5,"68,693",75.1
06021,6.3,"63,247",69.1
06023,4.6,"57,660",63.0
06025,17.3,"55,523",60.7
06027,3.8,"64,332",70.3
06029,8.3,"65,981",72.1
06031,8.2,"63,683",69.6
06033,5.8,"51,848",56.7
06035,5.2,"60,308",65.9
06037,5.0,"82,455",90.1
06039,7.5,"71,273",77.9
06041,3.3,"135,960",148.6
06043,5.1,"66,513",72.7
06045,4.7,"63,621",69.5
06047,9.0,"65,253",71.3
06049,6.3,"51,166",55.9
06051,3.8,"79,105",86.4
06053,7.0,"91,450",99.9
06055,3.5,"98,580",107.7
06057,3.9,"80,069",87.5
06059,3.6,"106,047",115.9
06061,3.7,"106,114",116.0
06063,7.3,"66,725",72.9
06065,4.8,"86,350",94.4
06067,4.4,"83,985",91.8
06069,6.0,"106,560",116.4
06071,4.7,"78,779",86.1
06073,3.9,"98,365",107.5
06075,3.3,"135,366",147.9
06077,6.2,"84,738",92.6
06079,3.5,"88,578",96.8
06081,3.0,"143,795",157.1
06083,4.1,"89,334",97.6
06085,3.5,"150,502",164.5
06087,5.7,"99,256",108.5
06089,5.1,"66,312",72.5
06091,4.7,"63,939",69.9
06093,6.4,"51,593",56.4
06095,4.7,"92,711",101.3
06097,3.6,"96,312",105.2
06099,6.4,"75,249",82.2
06101,7.8,"66,071",72.2
06103,5.8,"58,900",64.4
06105,5.7,"49,485",54.1
06107,10.0,"64,313",70.3
06109,5.0,"70,108",76.6
06111,4.3,"101,981",111.4
06113,4.7,"82,359",90.0
06115,6.7,"63,626",69.5
08000,3.2,"89,096",100.0
08001,3.4,"89,849",100.8
08003,3.7,"53,942",60.5
08005,3.1,"93,525",105.0
08007,3.2,"66,025",74.1
08009,2.0,"47,147",52.9
08011,3.0,"42,958",48.2
08013,2.8,"96,584",108.4
08014,3.0,"114,746",128.8
08015,3.0,"75,151",84.3
08017,2.1,"62,891",70.6
08019,2.8,"90,350",101.4
08021,3.3,"49,141",55.2
08023,4.4,"36,970",41.5
08025,4.2,"49,785",55.9
08027,3.2,"67,766",76.1
08029,3.6,"53,910",60.5
08031,3.3,"87,619",98.3
08033,2.9,"56,695",63.6
08035,2.9,"140,768",158.0
08037,2.6,"105,813",118.8
08039,2.6,"120,394",135.1
08041,3.3,"82,248",92.3
08043,4.9,"57,275",64.3
08045,2.9,"86,566",97.2
08047,2.7,"89,805",100.8
08049,2.7,"88,059",98.8
08051,2.6,"88,855",99.7
08053,2.9,"70,675",79.3
08055,5.8,"47,968",53.8
08057,2.2,"62,439",70.1
08059,2.9,"102,413",114.9
08061,2.2,"55,573",62.4
08063,1.8,"56,720",63.7
08065,2.5,"71,326",80.1
08067,3.0,"79,358",89.1
08069,2.8,"88,338",99.1
08071,5.0,"49,097",55.1
08073,2.8,"54,345",61.0
08075,2.7,"58,976",66.2
08077,3.5,"69,578",78.1
08079,2.5,"69,794",78.3
08081,3.2,"69,088",77.5
08083,4.0,"58,345",65.5
08085,3.3,"65,736",73.8
08087,3.0,"65,599",73.6
08089,4.1,"46,607",52.3
08091,3.2,"90,837",102.0
08093,2.8,"88,020",98.8
08095,2.2,"68,571",77.0
08097,3.3,"111,291",124.9
08099,2.8,"48,832",54.8
08101,4.4,"58,314",65.5
08103,3.3,"71,630",80.4
08105,4.0,"56,877",63.8
08107,2.5,"104,407",117.2
08109,3.5,"45,048",50.6
08111,2.6,"62,732",70.4
08113,3.2,"94,387",105.9
08115,3.1,"46,980",52.7
08117,2.3,"96,984",108.9
08119,3.0,"81,466",91.4
08121,2.3,"61,492",69.0
08123,3.3,"90,770",101.9
08125,2.0,"56,075",62.9
09000,3.8,"88,182",100.0
09001,3.9,,
09003,3.8,,
09005,3.4,,
09007,3.2,,
09009,3.9,,
09011,3.6,,
09013,3.3,,
09015,3.9,,
09110,,"84,551",95.9
09120,,"81,042",91.9
09130,,"99,557",112.9
09140,,"81,783",92.7
09150,,"81,711",92.7
09160,,"87,206",98.9
09170,,"84,615",96.0
09180,,"80,159",90.9
09190,,"122,080",138.4
10000,4.0,"81,933",100.0
10001,4.5,"71,866",87.7
10003,3.9,"85,427",104.3
10005,3.8,"81,188",99.1
11000,4.9,"99,897",100.0
11001,4.9,"99,897",100.0
12000,2.9,"69,287",100.0
12001,3.1,"58,783",84.8
12003,2.9,"67,375",97.2
12005,2.8,"65,521",94.6
12007,3.1,"57,664",83.2
12009,3.0,"74,899",108.1
12011,2.9,"70,834",102.2
12013,3.3,"46,766",67.5
12015,3.5,"65,040",93.9
12017,4.5,"52,534",75.8
12019,2.9,"84,364",121.8
12021,2.9,"81,821",118.1
12023,3.4,"54,060",78.0
12027,3.6,"47,097",68.0
12029,3.6,"40,587",58.6
12031,3.1,"70,203",101.3
12033,3.1,"61,634",89.0
12035,3.7,"73,336",105.8
12037,2.9,"52,180",75.3
12039,3.9,"45,628",65.9
12041,3.3,"58,178",84.0
12043,3.8,"50,559",73.0
12045,2.7,"55,909",80.7
12047,4.3,"45,484",65.6
12049,4.1,"48,572",70.1
12051,4.8,"55,308",79.8
12053,3.8,"60,582",87.4
12055,4.3,"51,954",75.0
12057,2.9,"74,091",106.9
12059,3.2,"50,118",72.3
12061,3.5,"69,462",100.3
12063,3.4,"50,625",73.1
12065,3.2,"56,900",82.1
12067,3.3,"50,775",73.3
12069,3.1,"67,637",97.6
12071,3.2,"71,607",103.3
12073,3.1,"61,560",88.8
12075,3.5,"55,147",79.6
12077,3.3,"49,514",71.5
12079,3.3,"46,141",66.6
12081,3.0,"72,176",104.2
12083,3.6,"54,517",78.7
12085,2.9,"80,678",116.4
12086,1.8,"66,952",96.6
12087,1.9,"79,459",114.7
12089,2.8,"90,808",131.1
12091,2.6,"76,663",110.6
12093,3.2,"50,176",72.4
12095,2.8,"72,129",104.1
12097,3.4,"63,782",92.1
12099,3.0,"76,713",110.7
12101,3.3,"65,933",95.2
12103,2.8,"66,427",95.9
12105,3.7,"61,941",89.4
12107,4.0,"46,459",67.1
12109,2.7,"103,757",149.7
12111,3.5,"64,038",92.4
12113,2.8,"82,537",119.1
12115,3.0,"78,309",113.0
12117,2.8,"80,296",115.9
12119,4.2,"77,851",112.4
12121,3.4,"51,295",74.0
12123,3.4,"48,482",70.0
12125,3.0,"60,749",87.7
12127,3.3,"64,601",93.2
12129,2.7,"63,482",91.6
12131,2.8,"78,814",113.8
12133,3.3,"49,233",71.1
13000,3.2,"72,742",100.0
13001,3.4,"51,217",70.4
13003,3.1,"46,060",63.3
13005,2.9,"46,044",63.3
13007,3.8,"50,129",68.9
13009,4.2,"49,883",68.6
13011,2.2,"66,928",92.0
13013,2.8,"77,583",106.7
13015,3.1,"80,017",110.0
13017,4.3,"41,141",56.6
13019,3.7,"48,725",67.0
13021,4.0,"48,539",66.7
13023,4.2,"56,070",77.1
13025,3.5,"50,370",69.2
13027,3.4,"43,353",59.6
13029,2.6,"93,057",127.9
13031,3.4,"49,471",68.0
13033,5.5,"49,431",68.0
13035,2.9,"62,231",85.6
13037,2.8,"39,681",54.6
13039,3.0,"67,628",93.0
13043,2.5,"44,493",61.2
13045,3.3,"69,924",96.1
13047,2.7,"66,918",92.0
13049,3.1,"48,147",66.2
13051,2.9,"64,029",88.0
13053,4.5,"57,507",79.1
13055,3.7,"50,714",69.7
13057,2.6,"99,932",137.4
13059,3.3,"49,832",68.5
13061,7.8,"37,961",52.2
13063,4.1,"57,625",79.2
13065,2.8,"45,595",62.7
13067,2.8,"96,798",133.1
13069,3.6,"48,792",67.1
13071,2.8,"49,214",67.7
13073,3.0,"94,224",129.5
13075,3.2,"44,476",61.1
13077,2.9,"87,618",120.5
13079,3.2,"60,295",82.9
13081,3.7,"43,884",60.3
13083,2.6,"59,708",82.1
13085,2.6,"84,551",116.2
13087,3.4,"46,455",63.9
13089,3.3,"76,736",105.5
13091,3.8,"43,783",60.2
13093,3.8,"46,191",63.5
13095,4.3,"42,629",58.6
13097,3.4,"79,242",108.9
13099,3.9,"43,417",59.7
13101,2.8,"47,195",64.9
13103,2.6,"88,111",121.1
13105,3.6,"49,220",67.7
13107,4.2,"46,975",64.6
13109,2.9,"45,163",62.1
13111,2.8,"60,604",83.3
13113,3.0,"109,358",150.3
13115,3.2,"56,651",77.9
13117,2.5,"130,909",180.0
13119,3.2,"49,940",68.7
13121,3.4,"89,798",123.4
13123,3.1,"68,294",93.9
13125,3.4,"55,539",76.4
13127,2.8,"63,532",87.3
13129,3.0,"63,946",87.9
13131,3.1,"48,548",66.7
13133,3.3,"74,488",102.4
13135,2.9,"83,918",115.4
13137,3.1,"62,428",85.8
13139,2.4,"76,789",105.6
13141,5.5,"38,570",53.0
13143,3.2,"57,912",79.6
13145,2.8,"90,636",124.6
13147,2.9,"56,137",77.2
13149,3.1,"56,724",78.0
13151,3.5,"82,379",113.2
13153,2.9,"71,237",97.9
13155,3.9,"49,224",67.7
13157,2.1,"82,138",112.9
13159,2.9,"63,718",87.6
13161,4.3,"46,143",63.4
13163,4.0,"44,459",61.1
13165,5.0,"41,830",57.5
13167,2.9,"42,603",58.6
13169,3.1,"65,515",90.1
13171,3.4,"61,542",84.6
13173,3.8,"50,671",69.7
13175,4.1,"47,918",65.9
13177,2.8,"84,260",115.8
13179,3.3,"59,807",82.2
13181,3.8,"69,776",95.9
13183,3.2,"71,285",98.0
13185,3.5,"52,623",72.3
13187,2.7,"71,486",98.3
13189,4.9,"50,593",69.6
13191,3.0,"51,411",70.7
13193,4.2,"40,089",55.1
13195,2.9,"58,789",80.8
13197,3.6,"47,174",64.9
13199,3.9,"53,019",72.9
13201,2.7,"45,201",62.1
13205,3.7,"45,296",62.3
13207,2.9,"76,428",105.1
13209,3.9,"48,356",66.5
13211,2.8,"74,340",102.2
13213,4.1,"62,109",85.4
13215,4.2,"53,740",73.9
13217,3.8,"72,128",99.2
13219,2.4,"114,758",157.8
13221,2.8,"62,504",85.9
13223,2.9,"87,459",120.2
13225,3.8,"58,471",80.4
13227,2.7,"71,955",98.9
13229,3.1,"52,695",72.4
13231,2.7,"80,626",110.8
13233,3.3,"54,894",75.5
13235,3.5,"46,975",64.6
13237,3.8,"62,241",85.6
13239,5.2,"41,516",57.1
13241,3.0,"63,387",87.1
13243,4.2,"39,188",53.9
13245,4.6,"50,079",68.8
13247,3.7,"71,984",99.0
13249,3.3,"57,510",79.1
13251,5.2,"52,713",72.5
13253,3.8,"45,223",62.2
13255,3.6,"55,086",75.7
13257,3.6,"51,980",71.5
13259,3.3,"41,158",56.6
13261,4.5,"44,677",61.4
13263,3.3,"45,163",62.1
13265,3.8,"42,138",57.9
13267,3.2,"47,401",65.2
13269,4.2,"44,035",60.5
13271,6.6,"41,547",57.1
13273,4.5,"53,281",73.2
13275,3.5,"52,236",71.8
13277,2.9,"52,962",72.8
13279,3.8,"45,125",62.0
13281,4.2,"59,273",81.5
13283,4.3,"43,533",59.8
13285,2.8,"55,852",76.8
13287,4.0,"40,865",56.2
13289,4.9,"48,772",67.0
13291,2.8,"64,588",88.8
13293,3.5,"48,061",66.1
13295,3.0,"53,407",73.4
13297,3.0,"83,037",114.2
13299,3.3,"48,245",66.3
13301,4.1,"44,367",61.0
13303,4.2,"48,462",66.6
13305,3.3,"51,102",70.3
13307,3.6,"45,987",63.2
13309,5.6,"35,952",49.4
13311,2.3,"62,100",85.4
13313,3.9,"61,680",84.8
13315,3.5,"44,905",61.7
13317,3.7,"47,377",65.1
13319,3.8,"49,648",68.3
13321,3.2,"48,956",67.3
15000,3.0,"93,683",100.0
15001,3.0,"71,143",75.9
15003,2.7,"96,304",102.8
15007,2.6,"81,939",87.5
15009,4.4,"89,794",95.8
16000,3.1,"72,634",100.0
16001,2.7,"87,748",120.8
16003,6.0,"56,374",77.6
16005,3.1,"62,120",85.5
16007,2.8,"66,006",90.9
16009,5.0,"56,188",77.4
16011,3.1,"70,052",96.4
16013,2.7,"98,707",135.9
16015,4.2,"74,121",102.0
16017,4.3,"64,860",89.3
16019,2.6,"74,505",102.6
16021,4.7,"62,801",86.5
16023,3.9,"57,085",78.6
16025,3.2,"73,311",100.9
16027,3.4,"70,594",97.2
16029,3.1,"70,354",96.9
16031,2.6,"68,170",93.9
16033,3.2,"53,366",73.5
16035,5.7,"57,081",78.6
16037,3.8,"57,405",79.0
16039,3.3,"63,009",86.7
16041,2.7,"71,669",98.7
16043,2.6,"61,115",84.1
16045,3.8,"60,771",83.7
16047,3.0,"59,838",82.4
16049,4.0,"60,907",83.9
16051,2.6,"76,474",105.3
16053,3.1,"61,509",84.7
16055,3.6,"75,583",104.1
16057,2.7,"60,108",82.8
16059,3.8,"55,554",76.5
16061,3.4,"55,128",75.9
16063,3.9,"61,658",84.9
16065,2.2,"52,224",71.9
16067,2.7,"60,834",83.8
16069,2.8,"65,558",90.3
16071,3.0,"66,175",91.1
16073,3.9,"57,142",78.7
16075,3.8,"61,725",85.0
16077,3.8,"57,426",79.1
16079,5.2,"47,005",64.7
16081,2.3,"95,580",131.6
16083,3.2,"63,860",87.9
16085,3.7,"74,166",102.1
16087,4.0,"55,072",75.8
17000,4.5,"76,744",100.0
17001,3.6,"61,747",80.5
17003,6.3,"41,378",53.9
17005,4.2,"66,071",86.1
17007,7.0,"83,695",109.1
17009,2.4,"78,081",101.7
17011,5.7,"63,042",82.1
17013,4.2,"68,525",89.3
17015,4.4,"64,157",83.6
17017,4.4,"62,129",81.0
17019,4.1,"61,205",79.8
17021,5.1,"56,888",74.1
17023,4.6,"63,655",82.9
17025,5.3,"55,282",72.0
17027,3.3,"79,612",103.7
17029,4.4,"57,712",75.2
17031,4.4,"76,614",99.8
17033,4.0,"66,333",86.4
17035,3.5,"79,140",103.1
17037,4.7,"71,882",93.7
17039,4.4,"64,262",83.7
17041,3.6,"67,796",88.3
17043,3.4,"102,383",133.4
17045,3.7,"63,430",82.7
17047,4.7,"58,387",76.1
17049,3.2,"74,800",97.5
17051,4.9,"57,729",75.2
17053,4.4,"67,135",87.5
17055,5.5,"49,108",64.0
17057,5.3,"57,362",74.7
17059,5.4,"51,367",66.9
17061,4.4,"58,196",75.8
17063,4.6,"93,882",122.3
17065,3.8,"56,984",74.3
17067,4.1,"63,324",82.5
17069,5.5,"46,568",60.7
17071,4.2,"61,892",80.6
17073,4.9,"70,517",91.9
17075,4.6,"65,181",84.9
17077,4.4,"44,756",58.3
17079,4.0,"66,290",86.4
17081,4.7,"58,623",76.4
17083,3.9,"72,363",94.3
17085,4.1,"67,217",87.6
17087,5.8,"59,794",77.9
17089,5.1,"93,475",121.8
17091,5.8,"70,494",91.9
17093,3.8,"102,509",133.6
17095,5.5,"57,666",75.1
17097,5.0,"101,621",132.4
17099,5.8,"64,711",84.3
17101,5.3,"57,460",74.9
17103,4.4,"67,371",87.8
17105,4.1,"74,418",97.0
17107,4.7,"53,775",70.1
17109,4.6,"52,812",68.8
17111,3.7,"99,128",129.2
17113,3.9,"71,825",93.6
17115,6.0,"60,648",79.0
17117,4.1,"69,880",91.1
17119,4.1,"67,441",87.9
17121,4.9,"58,489",76.2
17123,5.2,"69,593",90.7
17125,5.2,"60,784",79.2
17127,5.0,"52,880",68.9
17129,3.9,"78,115",101.8
17131,4.7,"70,430",91.8
17133,3.1,"100,487",130.9
17135,5.1,"56,381",73.5
17137,4.2,"64,842",84.5
17139,3.6,"75,505",98.4
17141,5.4,"78,577",102.4
17143,5.5,"65,421",85.2
17145,5.3,"53,051",69.1
17147,3.8,"85,430",111.3
17149,4.5,"54,244",70.7
17151,3.9,"54,878",71.5
17153,7.7,"44,873",58.5
17155,5.6,"83,029",108.2
17157,4.0,"62,575",81.5
17159,4.2,"56,831",74.1
17161,5.1,"62,652",81.6
17163,4.6,"67,185",87.5
17165,5.0,"50,979",66.4
17167,4.3,"73,684",96.0
17169,4.3,"62,968",82.0
17171,5.1,"64,853",84.5
17173,4.4,"65,396",85.2
17175,5.6,"59,234",77.2
17177,5.0,"60,988",79.5
17179,4.5,"73,285",95.5
17181,5.4,"51,116",66.6
17183,5.8,"52,083",67.9
17185,3.4,"63,777",83.1
17187,4.2,"57,357",74.7
17189,2.8,"71,958",93.8
17191,4.6,"53,359",69.5
17193,4.1,"54,611",71.2
17195,4.7,"62,038",80.8
17197,4.2,"97,076",126.5
17199,4.4,"64,152",83.6
17201,6.2,"62,557",81.5
17203,4.0,"85,892",111.9
18000,3.3,"66,768",100.0
18001,2.7,"60,620",90.8
18003,3.1,"65,967",98.8
18005,2.8,"68,910",103.2
18007,2.6,"62,248",93.2
18009,4.0,"54,825",82.1
18011,2.5,"102,805",154.0
18013,3.3,"74,161",111.1
18015,2.9,"64,731",96.9
18017,3.7,"60,452",90.5
18019,3.1,"68,493",102.6
18021,3.4,"59,057",88.5
18023,2.6,"60,916",91.2
18025,3.6,"53,547",80.2
18027,2.4,"63,777",95.5
18029,3.3,"77,621",116.3
18031,2.7,"65,847",98.6
18033,3.0,"72,910",109.2
18035,3.8,"54,059",81.0
18037,2.5,"71,171",106.6
18039,4.0,"63,777",95.5
18041,4.4,"54,892",82.2
18043,2.8,"74,264",111.2
18045,3.1,"63,973",95.8
18047,3.1,"74,779",112.0
18049,3.5,"62,412",93.5
18051,2.4,"66,247",99.2
18053,3.5,"51,053",76.5
18055,3.9,"61,663",92.4
18057,2.5,"117,068",175.3
18059,2.8,"87,845",131.6
18061,2.8,"72,259",108.2
18063,2.7,"94,760",141.9
18065,3.4,"54,714",81.9
18067,5.0,"56,960",85.3
18069,3.0,"59,491",89.1
18071,2.8,"66,082",99.0
18073,3.6,"75,738",113.4
18075,3.1,"57,690",86.4
18077,3.1,"64,214",96.2
18079,3.4,"63,597",95.3
18081,2.7,"83,036",124.4
18083,3.0,"58,238",87.2
18085,3.4,"71,611",107.3
18087,3.1,"81,010",121.3
18089,5.0,"66,169",99.1
18091,4.0,"66,336",99.4
18093,3.8,"60,141",90.1
18095,3.6,"58,926",88.3
18097,3.3,"62,776",94.0
18099,3.4,"70,938",106.2
18101,2.8,"64,216",96.2
18103,3.9,"60,835",91.1
18105,3.3,"64,299",96.3
18107,2.8,"66,283",99.3
18109,3.0,"75,542",113.1
18111,3.9,"66,837",100.1
18113,3.7,"69,567",104.2
18115,3.0,"70,618",105.8
18117,3.4,"54,128",81.1
18119,3.7,"62,460",93.5
18121,3.3,"64,700",96.9
18123,3.0,"55,503",83.1
18125,3.3,"63,487",95.1
18127,3.7,"84,352",126.3
18129,2.7,"75,907",113.7
18131,2.9,"60,487",90.6
18133,3.2,"68,301",102.3
18135,3.2,"56,920",85.3
18137,3.5,"63,571",95.2
18139,2.7,"61,653",92.3
18141,3.9,"61,028",91.4
18143,3.5,"57,837",86.6
18145,2.8,"66,045",98.9
18147,2.9,"70,440",105.5
18149,4.1,"58,523",87.7
18151,2.7,"73,250",109.7
18153,3.8,"55,497",83.1
18155,3.2,"63,246",94.7
18157,2.9,"56,088",84.0
18159,3.0,"65,025",97.4
18161,2.9,"61,171",91.6
18163,3.2,"57,997",86.9
18165,4.1,"58,280",87.3
18167,3.8,"52,286",78.3
18169,3.1,"64,025",95.9
18171,2.9,"73,539",110.1
18173,2.9,"84,567",126.7
18175,3.1,"65,342",97.9
18177,3.4,"51,622",77.3
18179,2.7,"68,879",103.2
18181,2.7,"66,167",99.1
18183,2.7,"72,448",108.5
19000,2.9,"69,708",100.0
19001,2.4,"66,997",96.1
19003,2.2,"58,973",84.6
19005,3.8,"60,743",87.1
19007,3.3,"53,589",76.9
19009,2.2,"60,504",86.8
19011,3.3,"82,762",118.7
19013,3.2,"62,020",89.0
19015,2.5,"74,896",107.4
19017,2.5,"83,797",120.2
19019,2.9,"70,498",101.1
19021,2.4,"67,552",96.9
19023,3.1,"67,233",96.4
19025,2.7,"64,634",92.7
19027,2.4,"73,643",105.6
19029,2.7,"61,204",87.8
19031,3.0,"71,563",102.7
19033,3.1,"63,279",90.8
19035,2.5,"65,985",94.7
19037,2.5,"74,077",106.3
19039,2.9,"65,129",93.4
19041,2.9,"68,542",98.3
19043,4.0,"64,486",92.5
19045,3.7,"61,136",87.7
19047,4.8,"67,363",96.6
19049,2.2,"109,138",156.6
19051,2.4,"65,201",93.5
19053,2.4,"51,749",74.2
19055,2.6,"74,017",106.2
19057,4.2,"59,688",85.6
19059,2.9,"75,406",108.2
19061,2.9,"73,492",105.4
19063,3.1,"56,834",81.5
19065,3.2,"56,599",81.2
19067,3.4,"64,553",92.6
19069,2.8,"63,775",91.5
19071,2.3,"69,018",99.0
19073,2.2,"63,562",91.2
19075,2.8,"79,386",113.9
19077,3.0,"72,701",104.3
19079,2.7,"68,795",98.7
19081,2.8,"67,498",96.8
19083,3.1,"59,622",85.5
19085,2.7,"73,457",105.4
19087,3.3,"63,702",91.4
19089,3.2,"66,979",96.1
19091,2.7,"71,521",102.6
19093,2.1,"67,696",97.1
19095,2.8,"72,948",104.6
19097,3.5,"64,792",92.9
19099,3.0,"69,047",99.1
19101,2.7,"59,603",85.5
19103,2.4,"74,909",107.5
19105,3.5,"70,671",101.4
19107,3.3,"65,653",94.2
19109,2.5,"65,510",94.0
19111,4.1,"59,017",84.7
19113,3.5,"74,134",106.3
19115,3.2,"70,953",101.8
19117,2.4,"60,245",86.4
19119,2.0,"74,061",106.2
19121,3.5,"80,887",116.0
19123,2.6,"68,759",98.6
19125,2.2,"73,451",105.4
19127,6.3,"69,818",100.2
19129,2.7,"75,835",108.8
19131,2.3,"65,132",93.4
19133,2.8,"60,237",86.4
19135,2.8,"66,176",94.9
19137,2.6,"58,895",84.5
19139,3.2,"69,096",99.1
19141,2.4,"67,470",96.8
19143,1.9,"64,993",93.2
19145,2.6,"60,567",86.9
19147,2.5,"65,438",93.9
19149,2.1,"79,431",113.9
19151,2.3,"61,927",88.8
19153,2.9,"77,369",111.0
19155,2.9,"68,712",98.6
19157,2.9,"69,566",99.8
19159,2.2,"60,061",86.2
19161,2.4,"72,499",104.0
19163,3.5,"68,576",98.4
19165,2.4,"71,628",102.8
19167,1.9,"75,994",109.0
19169,2.1,"68,720",98.6
19171,3.9,"66,295",95.1
19173,2.2,"56,021",80.4
19175,3.0,"55,812",80.1
19177,3.1,"64,550",92.6
19179,3.5,"61,555",88.3
19181,2.6,"90,943",130.5
19183,2.6,"70,539",101.2
19185,2.9,"58,000",83.2
19187,3.1,"67,110",96.3
19189,3.8,"66,776",95.8
19191,3.2,"72,032",103.3
19193,2.9,"66,830",95.9
19195,3.0,"71,329",102.3
19197,2.6,"67,291",96.5
20000,2.7,"68,827",100.0
20001,2.8,"50,995",74.1
20003,2.1,"59,683",86.7
20005,3.4,"59,085",85.8
20007,2.4,"59,845",86.9
20009,2.7,"56,711",82.4
20011,3.4,"44,954",65.3
20013,2.8,"56,391",81.9
20015,2.7,"80,214",116.5
20017,2.3,"58,580",85.1
20019,2.8,"49,457",71.9
20021,2.7,"54,965",79.9
20023,2.5,"56,500",82.1
20025,2.0,"58,914",85.6
20027,2.5,"59,021",85.8
20029,2.8,"52,483",76.3
20031,3.3,"69,100",100.4
20033,2.6,"53,657",78.0
20035,3.0,"56,416",82.0
20037,2.8,"51,835",75.3
20039,2.9,"51,152",74.3
20041,2.8,"63,136",91.7
20043,2.5,"64,608",93.9
20045,2.6,"67,482",98.0
20047,2.3,"55,777",81.0
20049,2.5,"47,094",68.4
20051,1.9,"61,675",89.6
20053,2.4,"63,636",92.5
20055,2.1,"69,966",101.7
20057,2.1,"67,714",98.4
20059,2.5,"67,263",97.7
20061,3.8,"60,026",87.2
20063,2.3,"64,037",93.0
20065,2.6,"53,233",77.3
20067,2.7,"66,022",95.9
20069,2.0,"77,761",113.0
20071,1.8,"72,300",105.0
20073,2.7,"52,145",75.8
20075,1.8,"63,442",92.2
20077,2.3,"52,893",76.8
20079,2.9,"73,854",107.3
20081,2.0,"69,971",101.7
20083,2.2,"67,478",98.0
20085,2.3,"70,445",102.4
20087,2.5,"75,774",110.1
20089,2.8,"56,144",81.6
20091,2.4,"99,174",144.1
20093,2.0,"75,773",110.1
20095,2.7,"65,597",95.3
20097,2.5,"61,700",89.6
20099,2.9,"52,318",76.0
20101,2.7,"64,934",94.3
20103,2.7,"79,117",115.0
20105,2.1,"58,049",84.3
20107,3.9,"59,651",86.7
20109,1.8,"63,204",91.8
20111,2.6,"55,863",81.2
20113,2.0,"73,766",107.2
20115,2.5,"64,337",93.5
20117,2.1,"58,942",85.6
20119,2.1,"68,038",98.9
20121,2.6,"82,606",120.0
20123,2.0,"63,929",92.9
20125,3.0,"54,955",79.8
20127,2.5,"60,741",88.3
20129,2.6,"62,896",91.4
20131,1.7,"72,719",105.7
20133,3.5,"49,322",71.7
20135,2.4,"61,539",89.4
20137,2.0,"56,604",82.2
20139,2.6,"62,995",91.5
20141,2.2,"53,971",78.4
20143,2.3,"69,542",101.0
20145,2.6,"47,939",69.7
20147,2.2,"58,834",85.5
20149,2.3,"85,822",124.7
20151,2.1,"65,812",95.6
20153,1.9,"59,116",85.9
20155,2.9,"57,663",83.8
20157,2.1,"53,974",78.4
20159,2.5,"61,727",89.7
20161,2.6,"55,876",81.2
20163,2.6,"57,029",82.9
20165,2.2,"56,629",82.3
20167,2.3,"48,754",70.8
20169,2.4,"57,563",83.6
20171,2.0,"71,121",103.3
20173,2.9,"64,720",94.0
20175,2.5,"63,579",92.4
20177,2.7,"61,255",89.0
20179,2.1,"62,918",91.4
20181,2.4,"57,044",82.9
20183,2.0,"52,101",75.7
20185,2.3,"58,019",84.3
20187,2.1,"76,137",110.6
20189,2.1,"69,320",100.7
20191,2.7,"62,921",91.4
20193,1.9,"62,916",91.4
20195,3.0,"54,628",79.4
20197,2.6,"68,435",99.4
20199,2.2,"62,309",90.5
20201,2.1,"63,797",92.7
20203,2.2,"68,225",99.1
20205,3.1,"52,064",75.6
20207,3.4,"49,477",71.9
20209,3.4,"58,701",85.3
21000,4.2,"59,246",100.0
21001,5.0,"44,153",74.5
21003,4.0,"61,655",104.1
21005,3.3,"66,846",112.8
21007,4.9,"56,605",95.5
21009,4.4,"50,658",85.5
21011,5.6,"48,260",81.5
21013,5.6,"33,923",57.3
21015,3.6,"90,265",152.4
21017,3.6,"56,879",96.0
21019,5.6,"55,397",93.5
21021,4.5,"57,975",97.9
21023,4.7,"58,301",98.4
21025,7.5,"36,300",61.3
21027,4.9,"52,400",88.4
21029,4.1,"77,192",130.3
21031,4.5,"50,824",85.8
21033,3.9,"51,553",87.0
21035,4.4,"51,949",87.7
21037,3.6,"74,149",125.2
21039,3.9,"54,535",92.0
21041,3.5,"59,226",100.0
21043,7.6,"48,285",81.5
21045,4.1,"43,539",73.5
21047,5.1,"56,610",95.6
21049,3.8,"61,641",104.0
21051,6.4,"34,473",58.2
21053,5.2,"41,739",70.5
21055,4.1,"50,452",85.2
21057,3.4,"48,864",82.5
21059,4.3,"65,949",111.3
21061,5.1,"51,402",86.8
21063,8.2,"40,312",68.0
21065,5.0,"39,402",66.5
21067,3.4,"63,667",107.5
21069,4.8,"50,012",84.4
21071,6.0,"37,296",63.0
21073,3.6,"58,456",98.7
21075,5.0,"40,409",68.2
21077,4.0,"59,175",99.9
21079,3.9,"57,748",97.5
21081,4.0,"66,458",112.2
21083,4.2,"53,408",90.1
21085,4.6,"52,130",88.0
21087,3.8,"46,169",77.9
21089,6.5,"54,462",91.9
21091,4.6,"66,300",111.9
21093,4.1,"61,920",104.5
21095,6.6,"36,022",60.8
21097,3.8,"60,962",102.9
21099,4.4,"47,229",79.7
21101,4.0,"55,530",93.7
21103,3.7,"65,068",109.8
21105,4.5,"53,838",90.9
21107,4.4,"52,198",88.1
21109,5.6,"41,007",69.2
21111,3.9,"64,719",109.2
21113,3.5,"69,216",116.8
21115,6.6,"42,877",72.4
21117,3.7,"77,284",130.4
21119,6.7,"38,456",64.9
21121,5.8,"36,573",61.7
21123,4.4,"53,939",91.0
21125,4.5,"50,721",85.6
21127,5.7,"42,776",72.2
21129,5.8,"34,632",58.5
21131,6.9,"36,666",61.9
21133,6.3,"37,854",63.9
21135,8.0,"44,098",74.4
21137,5.1,"49,814",84.1
21139,5.0,"55,355",93.4
21141,4.1,"56,823",95.9
21143,4.4,"58,938",99.5
21145,4.0,"60,026",101.3
21147,5.9,"35,443",59.8
21149,4.6,"55,555",93.8
21151,3.9,"60,994",103.0
21153,9.8,"35,669",60.2
21155,3.4,"53,676",90.6
21157,4.0,"64,395",108.7
21159,8.3,"34,435",58.1
21161,5.2,"49,029",82.8
21163,4.6,"69,632",117.5
21165,6.2,"43,226",73.0
21167,4.1,"65,292",110.2
21169,4.8,"44,973",75.9
21171,4.3,"45,872",77.4
21173,4.8,"55,924",94.4
21175,5.1,"41,863",70.7
21177,6.1,"48,190",81.3
21179,3.6,"66,681",112.5
21181,4.3,"51,100",86.3
21183,5.6,"50,275",84.9
21185,3.4,"116,173",196.1
21187,3.7,"60,592",102.3
21189,6.6,"32,783",55.3
21191,4.0,"65,727",110.9
21193,5.6,"43,945",74.2
21195,5.7,"41,837",70.6
21197,4.4,"42,434",71.6
21199,4.8,"46,380",78.3
21201,5.2,"53,456",90.2
21203,4.7,"45,161",76.2
21205,5.2,"50,498",85.2
21207,5.3,"44,425",75.0
21209,3.3,"86,169",145.4
21211,3.5,"81,815",138.1
21213,3.8,"58,550",98.8
21215,3.7,"101,552",171.4
21217,3.8,"52,414",88.5
21219,3.8,"53,280",89.9
21221,4.7,"56,433",95.3
21223,3.9,"65,828",111.1
21225,4.9,"58,223",98.3
21227,3.9,"60,651",102.4
21229,3.3,"59,937",101.2
21231,5.6,"39,863",67.3
21233,4.2,"56,052",94.6
21235,4.8,"43,604",73.6
21237,6.3,"37,718",63.7
21239,3.1,"76,633",129.3
22000,3.7,"55,458",100.0
22001,3.7,"42,981",77.5
22003,4.2,"51,423",92.7
22005,3.0,"81,284",146.6
22007,4.3,"54,403",98.1
22009,4.2,"41,587",75.0
22011,3.6,"64,394",116.1
22013,4.3,"41,807",75.4
22015,3.2,"63,812",115.1
22017,4.1,"47,699",86.0
22019,3.4,"61,797",111.4
22021,4.0,"46,464",83.8
22023,2.8,"63,413",114.3
22025,4.3,"41,676",75.1
22027,4.0,"37,788",68.1
22029,4.7,"41,101",74.1
22031,4.1,"52,776",95.2
22033,3.4,"61,376",110.7
22035,8.8,"30,688",55.3
22037,3.5,"56,830",102.5
22039,3.9,"40,933",73.8
22041,5.2,"38,584",69.6
22043,3.7,"52,832",95.3
22045,4.1,"45,077",81.3
22047,4.2,"53,205",95.9
22049,3.3,"43,813",79.0
22051,3.5,"61,157",110.3
22053,3.8,"52,414",94.5
22055,3.2,"58,641",105.7
22057,3.2,"59,575",107.4
22059,3.0,"55,633",100.3
22061,3.8,"44,752",80.7
22063,3.0,"72,887",131.4
22065,5.5,"33,403",60.2
22067,5.9,"39,493",71.2
22069,4.1,"42,178",76.1
22071,4.5,"51,913",93.6
22073,3.8,"47,283",85.3
22075,3.3,"71,876",129.6
22077,3.8,"56,457",101.8
22079,3.5,"55,870",100.7
22081,3.5,"44,139",79.6
22083,4.6,"44,470",80.2
22085,3.8,"45,072",81.3
22087,4.2,"51,485",92.8
22089,3.2,"75,223",135.6
22091,5.3,"45,024",81.2
22093,4.5,"67,938",122.5
22095,4.4,"60,569",109.2
22097,4.5,"42,765",77.1
22099,3.6,"54,265",97.8
22101,4.2,"48,242",87.0
22103,3.3,"78,629",141.8
22105,4.3,"54,942",99.1
22107,5.1,"33,290",60.0
22109,3.4,"57,376",103.5
22111,4.2,"48,003",86.6
22113,3.6,"50,554",91.2
22115,4.6,"52,626",94.9
22117,4.3,"41,779",75.3
22119,4.4,"43,698",78.8
22121,3.3,"71,362",128.7
22123,6.2,"41,380",74.6
22125,2.6,"68,266",123.1
22127,4.2,"45,646",82.3
23000,2.9,"69,485",100.0
23001,3.0,"62,848",90.4
23003,3.9,"51,562",74.2
23005,2.4,"88,571",127.5
23007,3.5,"52,159",75.1
23009,3.2,"63,879",91.9
23011,2.6,"63,191",90.9
23013,2.9,"65,615",94.4
23015,2.8,"72,657",104.6
23017,3.2,"58,842",84.7
23019,3.1,"60,761",87.4
23021,4.2,"52,529",75.6
23023,2.3,"73,587",105.9
23025,4.2,"55,093",79.3
23027,3.0,"63,619",91.6
23029,4.1,"55,381",79.7
23031,2.6,"81,315",117.0
24000,2.1,"94,957",100.0
24001,2.8,"50,582",53.3
24003,1.8,"112,525",118.5
24005,2.2,"86,198",90.8
24009,1.9,"118,110",124.4
24011,2.1,"65,981",69.5
24013,1.7,"105,096",110.7
24015,2.2,"84,513",89.0
24017,2.2,"112,932",118.9
24019,2.3,"54,206",57.1
24021,2.0,"116,796",123.0
24023,2.3,"59,080",62.2
24025,2.0,"100,334",105.7
24027,1.7,"133,068",140.1
24029,2.4,"69,695",73.4
24031,1.9,"118,020",124.3
24033,2.2,"93,833",98.8
24035,1.8,"109,436",115.2
24037,2.0,"112,154",118.1
24039,3.2,"53,590",56.4
24041,2.2,"76,583",80.7
24043,2.3,"69,271",72.9
24045,2.5,"68,851",72.5
24047,3.3,"75,969",80.0
24510,2.9,"54,735",57.6
25000,3.4,"94,538",100.0
25001,4.2,"89,774",95.0
25003,3.6,"71,102",75.2
25005,4.1,"80,702",85.4
25007,4.4,"89,136",94.3
25009,3.5,"92,118",97.4
25011,2.9,"69,929",74.0
25013,4.3,"64,030",67.7
25015,2.9,"81,878",86.6
25017,2.9,"118,494",125.3
25019,5.8,"107,613",113.8
25021,3.1,"115,770",122.5
25023,3.5,"102,647",108.6
25025,3.2,"84,548",89.4
25027,3.5,"86,078",91.1
26000,3.9,"66,926",100.0
26001,7.3,"53,788",80.4
26003,7.7,"59,390",88.7
26005,3.4,"75,893",113.4
26007,4.5,"54,161",80.9
26009,5.4,"71,945",107.5
26011,6.9,"53,615",80.1
26013,6.2,"52,491",78.4
26015,3.5,"71,173",106.3
26017,4.9,"56,388",84.3
26019,5.0,"65,846",98.4
26021,4.2,"61,790",92.3
26023,3.9,"63,634",95.1
26025,4.3,"59,652",89.1
26027,4.4,"65,703",98.2
26029,4.6,"71,362",106.6
26031,8.2,"60,849",90.9
26033,5.9,"58,924",88.0
26035,6.3,"47,973",71.7
26037,3.3,"80,212",119.9
26039,5.9,"57,600",86.1
26041,5.2,"57,019",85.2
26043,3.8,"56,349",84.2
26045,3.6,"71,499",106.8
26047,5.7,"69,805",104.3
26049,5.0,"57,443",85.8
26051,5.9,"55,017",82.2
26053,4.7,"50,142",74.9
26055,3.4,"74,746",111.7
26057,4.4,"58,074",86.8
26059,4.2,"60,070",89.8
26061,4.6,"55,623",83.1
26063,4.3,"50,177",75.0
26065,3.9,"60,571",90.5
26067,3.6,"74,391",111.2
26069,6.0,"46,129",68.9
26071,5.6,"54,149",80.9
26073,4.5,"54,642",81.6
26075,4.0,"61,299",91.6
26077,3.7,"69,689",104.1
26079,5.6,"59,160",88.4
26081,3.2,"76,923",114.9
26083,5.9,"57,103",85.3
26085,7.0,"48,545",72.5
26087,4.1,"72,737",108.7
26089,3.8,"89,007",133.0
26091,4.2,"67,486",100.8
26093,2.7,"101,227",151.3
26095,5.9,"49,371",73.8
26097,8.9,"56,942",85.1
26099,3.5,"73,927",110.5
26101,5.7,"55,788",83.4
26103,4.6,"61,598",92.0
26105,4.9,"64,014",95.6
26107,5.3,"56,096",83.8
26109,4.0,"50,564",75.6
26111,4.0,"77,595",115.9
26113,4.8,"59,230",88.5
26115,4.2,"72,166",107.8
26117,4.3,"61,590",92.0
26119,7.5,"50,680",75.7
26121,4.4,"58,303",87.1
26123,4.3,"57,992",86.7
26125,2.9,"90,801",135.7
26127,5.7,"56,853",84.9
26129,6.6,"53,480",79.9
26131,7.0,"45,694",68.3
26133,4.8,"54,727",81.8
26135,7.6,"46,626",69.7
26137,4.8,"65,915",98.5
26139,3.0,"85,968",128.5
26141,7.7,"56,375",84.2
26143,7.2,"49,151",73.4
26145,5.2,"54,064",80.8
26147,3.8,"64,894",97.0
26149,4.4,"60,489",90.4
26151,4.8,"56,079",83.8
26153,7.3,"56,707",84.7
26155,4.3,"61,959",92.6
26157,5.0,"61,978",92.6
26159,4.7,"61,638",92.1
26161,3.3,"80,941",120.9
26163,4.4,"55,928",83.6
26165,4.8,"56,379",84.2
27000,2.8,"82,343",100.0
27001,4.8,"59,064",71.7
27003,2.8,"92,249",112.0
27005,3.0,"67,448",81.9
27007,3.5,"59,882",72.7
27009,3.6,"71,493",86.8
27011,3.4,"57,821",70.2
27013,2.3,"68,279",82.9
27015,2.9,"64,093",77.8
27017,3.7,"78,478",95.3
27019,2.4,"117,602",142.8
27021,4.4,"67,121",81.5
27023,2.8,"61,878",75.1
27025,3.3,"98,183",119.2
27027,2.1,"79,357",96.4
27029,6.0,"64,716",78.6
27031,3.6,"69,279",84.1
27033,4.6,"59,981",72.8
27035,3.4,"67,373",81.8
27037,2.6,"97,727",118.7
27039,2.8,"88,994",108.1
27041,2.6,"73,521",89.3
27043,3.1,"67,302",81.7
27045,2.8,"72,065",87.5
27047,2.7,"65,632",79.7
27049,2.6,"82,091",99.7
27051,3.2,"68,381",83.0
27053,2.6,"89,418",108.6
27055,2.5,"76,170",92.5
27057,4.3,"67,797",82.3
27059,3.8,"83,212",101.1
27061,4.6,"66,958",81.3
27063,2.9,"66,694",81.0
27065,5.0,"69,588",84.5
27067,2.9,"72,281",87.8
27069,3.0,"65,244",79.2
27071,4.3,"63,035",76.6
27073,2.8,"67,556",82.0
27075,3.9,"73,724",89.5
27077,3.5,"62,143",75.5
27079,3.9,"86,864",105.5
27081,3.0,"64,860",78.8
27083,2.5,"70,958",86.2
27085,3.2,"80,874",98.2
27087,4.7,"52,926",64.3
27089,4.2,"70,606",85.7
27091,2.8,"61,721",75.0
27093,3.1,"76,506",92.9
27095,5.1,"65,294",79.3
27097,4.4,"64,588",78.4
27099,2.6,"68,718",83.5
27101,3.9,"68,665",83.4
27103,2.2,"78,091",94.8
27105,2.7,"65,374",79.4
27107,3.5,"64,319",78.1
27109,2.1,"88,032",106.9
27111,3.3,"65,076",79.0
27113,3.3,"76,423",92.8
27115,4.9,"65,139",79.1
27117,2.8,"65,499",79.5
27119,2.9,"69,538",84.4
27121,2.8,"68,888",83.7
27123,2.7,"75,041",91.1
27125,3.9,"74,120",90.0
27127,2.9,"66,582",80.9
27129,3.7,"66,568",80.8
27131,2.6,"77,962",94.7
27133,1.8,"69,835",84.8
27135,2.8,"71,794",87.2
27137,3.2,"63,141",76.7
27139,2.5,"115,687",140.5
27141,3.2,"97,999",119.0
27143,3.3,"75,596",91.8
27145,2.8,"72,378",87.9
27147,3.0,"75,474",91.7
27149,2.4,"69,171",84.0
27151,3.1,"67,166",81.6
27153,3.6,"66,300",80.5
27155,3.0,"63,913",77.6
27157,2.7,"78,953",95.9
27159,4.7,"57,527",69.9
27161,3.9,"71,519",86.9
27163,2.4,"107,649",130.7
27165,2.9,"61,295",74.4
27167,2.5,"71,924",87.3
27169,2.3,"65,699",79.8
27171,2.9,"95,259",115.7
27173,3.0,"67,543",82.0
28000,3.2,"52,788",100.0
28001,4.4,"39,547",74.9
28003,3.0,"49,627",94.0
28005,4.0,"45,433",86.1
28007,3.6,"44,404",84.1
28009,3.7,"43,247",81.9
28011,3.6,"39,984",75.7
28013,3.4,"44,172",83.7
28015,3.9,"49,397",93.6
28017,4.2,"43,776",82.9
28019,2.7,"49,225",93.3
28021,7.3,"35,591",67.4
28023,3.6,"46,524",88.1
28025,3.3,"43,451",82.3
28027,4.9,"36,071",68.3
28029,3.5,"43,308",82.0
28031,2.7,"46,630",88.3
28033,2.8,"79,967",151.5
28035,3.0,"51,344",97.3
28037,4.3,"47,165",89.3
28039,3.9,"61,956",117.4
28041,4.1,"52,585",99.6
28043,3.5,"46,718",88.5
28045,3.3,"59,874",113.4
28047,2.9,"55,916",105.9
28049,3.1,"47,479",89.9
28051,5.7,"31,972",60.6
28053,6.6,"33,148",62.8
28055,7.5,"36,922",69.9
28057,2.9,"56,484",107.0
28059,3.3,"61,515",116.5
28061,3.7,"44,810",84.9
28063,11.9,"33,852",64.1
28065,4.0,"36,642",69.4
28067,3.2,"58,000",109.9
28069,4.6,"39,856",75.5
28071,2.5,"61,736",117.0
28073,2.5,"62,326",118.1
28075,3.2,"49,351",93.5
28077,3.8,"46,407",87.9
28079,3.2,"46,429",88.0
28081,2.8,"58,266",110.4
28083,4.9,"35,520",67.3
28085,3.1,"48,596",92.1
28087,3.3,"49,344",93.5
28089,2.5,"80,641",152.8
28091,3.2,"44,129",83.6
28093,3.6,"52,162",98.8
28095,3.8,"51,754",98.0
28097,3.5,"42,195",79.9
28099,3.5,"50,331",95.3
28101,3.6,"47,320",89.6
28103,4.7,"36,608",69.3
28105,3.3,"47,284",89.6
28107,3.9,"40,595",76.9
28109,3.0,"55,830",105.8
28111,3.8,"45,071",85.4
28113,4.0,"40,945",77.6
28115,2.7,"51,086",96.8
28117,2.8,"49,217",93.2
28119,4.8,"40,255",76.3
28121,2.3,"72,906",138.1
28123,2.6,"45,764",86.7
28125,6.2,"36,375",68.9
28127,3.0,"50,994",96.6
28129,2.8,"51,746",98.0
28131,3.4,"54,283",102.8
28133,4.6,"38,423",72.8
28135,3.3,"39,009",73.9
28137,3.3,"58,623",111.1
28139,2.8,"52,635",99.7
28141,3.2,"51,652",97.8
28143,3.5,"37,694",71.4
28145,2.3,"56,050",106.2
28147,4.1,"40,828",77.3
28149,3.4,"52,117",98.7
28151,4.9,"39,690",75.2
28153,3.6,"43,562",82.5
28155,3.1,"51,249",97.1
28157,5.5,"36,798",69.7
28159,3.4,"50,082",94.9
28161,3.5,"45,658",86.5
28163,3.4,"39,620",75.1
29000,3.0,"64,783",100.0
29001,3.6,"46,433",71.7
29003,2.6,"72,630",112.1
29005,2.7,"57,883",89.3
29007,3.3,"56,305",86.9
29009,3.5,"49,968",77.1
29011,3.0,"49,857",77.0
29013,3.2,"57,291",88.4
29015,4.3,"51,473",79.5
29017,3.0,"53,932",83.3
29019,2.5,"63,981",98.8
29021,2.9,"56,751",87.6
29023,4.4,"44,853",69.2
29025,3.1,"56,660",87.5
29027,2.8,"72,398",111.8
29029,3.8,"63,703",98.3
29031,2.7,"64,118",99.0
29033,2.8,"56,818",87.7
29035,4.4,"42,907",66.2
29037,3.0,"77,805",120.1
29039,3.5,"45,952",70.9
29041,2.7,"56,633",87.4
29043,2.5,"73,616",113.6
29045,3.8,"63,249",97.6
29047,2.7,"78,930",121.8
29049,3.0,"68,337",105.5
29051,2.5,"70,837",109.3
29053,3.0,"63,247",97.6
29055,3.4,"52,536",81.1
29057,3.0,"49,386",76.2
29059,3.1,"49,830",76.9
29061,2.8,"53,639",82.8
29063,2.9,"66,880",103.2
29065,3.5,"52,945",81.7
29067,3.3,"43,694",67.4
29069,5.0,"39,688",61.3
29071,2.8,"65,779",101.5
29073,2.7,"59,287",91.5
29075,2.6,"52,653",81.3
29077,2.6,"55,751",86.1
29079,3.1,"48,457",74.8
29081,3.0,"51,910",80.1
29083,3.1,"54,177",83.6
29085,3.6,"43,468",67.1
29087,2.4,"51,295",79.2
29089,3.1,"53,862",83.1
29091,3.7,"44,858",69.2
29093,4.9,"44,329",68.4
29095,3.4,"62,509",96.5
29097,3.0,"53,548",82.7
29099,2.8,"78,297",120.9
29101,3.3,"60,086",92.7
29103,3.2,"49,552",76.5
29105,3.2,"53,224",82.2
29107,2.9,"70,457",108.8
29109,3.1,"58,031",89.6
29111,2.9,"57,053",88.1
29113,3.1,"77,913",120.3
29115,3.8,"52,831",81.6
29117,2.4,"56,654",87.5
29119,3.3,"50,100",77.3
29121,3.3,"52,847",81.6
29123,3.7,"47,068",72.7
29125,3.2,"54,815",84.6
29127,3.1,"57,635",89.0
29129,2.8,"49,715",76.7
29131,3.1,"61,711",95.3
29133,3.8,"42,364",65.4
29135,2.6,"64,519",99.6
29137,3.2,"50,276",77.6
29139,3.0,"56,538",87.3
29141,3.7,"51,700",79.8
29143,3.7,"48,162",74.3
29145,3.0,"57,423",88.6
29147,2.8,"57,507",88.8
29149,3.5,"45,273",69.9
29151,2.4,"69,094",106.7
29153,4.7,"44,242",68.3
29155,4.9,"38,456",59.4
29157,2.5,"63,127",97.4
29159,3.1,"58,827",90.8
29161,3.1,"54,740",84.5
29163,3.2,"59,081",91.2
29165,2.6,"93,925",145.0
29167,3.1,"53,693",82.9
29169,3.6,"61,718",95.3
29171,3.1,"49,532",76.5
29173,2.8,"65,016",100.4
29175,3.5,"48,762",75.3
29177,3.3,"70,506",108.8
29179,3.4,"44,409",68.6
29181,4.1,"41,587",64.2
29183,2.5,"98,925",152.7
29185,3.8,"45,174",69.7
29186,2.8,"63,786",98.5
29187,3.9,"48,574",75.0
29189,3.0,"79,609",122.9
29195,3.0,"54,623",84.3
29197,3.9,"49,508",76.4
29199,2.4,"54,961",84.8
29201,3.0,"57,678",89.0
29203,4.6,"39,671",61.2
29205,2.7,"54,264",83.8
29207,3.9,"53,391",82.4
29209,4.6,"56,418",87.1
29211,3.3,"52,384",80.9
29213,4.9,"53,009",81.8
29215,3.8,"46,622",72.0
29217,3.5,"51,900",80.1
29219,2.9,"74,355",114.8
29221,3.8,"47,636",73.5
29223,4.5,"41,724",64.4
29225,2.7,"59,784",92.3
29227,2.5,"48,397",74.7
29229,3.5,"45,017",69.5
29510,3.7,"52,278",80.7
30000,2.9,"67,915",100.0
30001,2.4,"57,497",84.7
30003,4.4,"49,113",72.3
30005,3.6,"53,577",78.9
30007,3.5,"67,927",100.0
30009,2.8,"67,062",98.7
30011,2.0,"50,597",74.5
30013,2.9,"59,184",87.1
30015,3.2,"51,137",75.3
30017,2.8,"64,743",95.3
30019,1.9,"57,141",84.1
30021,2.6,"60,763",89.5
30023,2.8,"52,848",77.8
30025,1.7,"65,637",96.6
30027,3.1,"60,466",89.0
30029,3.5,"66,395",97.8
30031,2.1,"83,520",123.0
30033,3.4,"50,762",74.7
30035,5.4,"46,270",68.1
30037,2.9,"45,622",67.2
30039,4.1,"58,186",85.7
30041,2.5,"50,518",74.4
30043,2.9,"83,697",123.2
30045,2.8,"60,677",89.3
30047,3.6,"57,225",84.3
30049,2.6,"72,491",106.7
30051,2.5,"53,601",78.9
30053,5.2,"48,432",71.3
30055,2.0,"59,086",87.0
30057,3.0,"72,487",106.7
30059,2.6,"53,724",79.1
30061,4.9,"55,979",82.4
30063,2.9,"68,210",100.4
30065,3.1,"55,291",81.4
30067,2.9,"68,594",101.0
30069,3.3,"48,991",72.1
30071,4.2,"56,043",82.5
30073,2.9,"51,057",75.2
30075,2.5,"54,102",79.7
30077,3.0,"60,350",88.9
30079,2.5,"49,838",73.4
30081,3.1,"65,789",96.9
30083,2.6,"72,974",107.4
30085,3.8,"48,712",71.7
30087,3.4,"64,003",94.2
30089,4.8,"47,976",70.6
30091,2.3,"62,982",92.7
30093,3.4,"58,898",86.7
30095,2.4,"81,147",119.5
30097,2.3,"68,006",100.1
30099,2.9,"57,054",84.0
30101,2.2,"49,850",73.4
30103,2.7,"60,454",89.0
30105,2.5,"79,703",117.4
30107,4.0,"44,002",64.8
30109,2.7,"56,317",82.9
30111,2.6,"78,216",115.2
31000,2.3,"69,828",100.0
31001,2.1,"64,212",92.0
31003,1.9,"63,250",90.6
31005,2.8,"57,018",81.7
31007,2.9,"66,584",95.4
31009,3.6,"54,936",78.7
31011,1.7,"68,533",98.1
31013,2.2,"66,762",95.6
31015,2.4,"54,443",78.0
31017,2.5,"55,394",79.3
31019,1.8,"67,809",97.1
31021,2.5,"58,125",83.2
31023,1.7,"76,417",109.4
31025,2.3,"93,195",133.5
31027,1.8,"69,033",98.9
31029,1.7,"64,985",93.1
31031,1.9,"58,017",83.1
31033,2.4,"56,604",81.1
31035,2.4,"64,251",92.0
31037,1.8,"69,549",99.6
31039,1.9,"65,809",94.2
31041,1.7,"60,328",86.4
31043,2.7,"65,986",94.5
31045,2.0,"52,621",75.4
31047,2.4,"62,089",88.9
31049,2.6,"56,099",80.3
31051,2.0,"61,144",87.6
31053,2.2,"68,267",97.8
31055,2.6,"74,424",106.6
31057,1.7,"58,441",83.7
31059,1.9,"68,532",98.1
31061,2.1,"59,400",85.1
31063,2.0,"58,241",83.4
31065,1.9,"54,213",77.6
31067,2.6,"64,406",92.2
31069,2.0,"51,734",74.1
31071,2.0,"51,530",73.8
31073,2.2,"67,697",96.9
31075,1.5,"63,469",90.9
31077,2.0,"58,561",83.9
31079,2.3,"66,277",94.9
31081,1.9,"75,369",107.9
31083,1.9,"62,104",88.9
31085,1.6,"60,141",86.1
31087,2.7,"54,488",78.0
31089,1.8,"60,502",86.6
31091,2.5,"53,537",76.7
31093,1.9,"69,423",99.4
31095,2.0,"59,478",85.2
31097,3.1,"60,549",86.7
31099,1.7,"74,686",107.0
31101,1.8,"60,608",86.8
31103,2.2,"51,579",73.9
31105,2.0,"55,797",79.9
31107,2.2,"54,880",78.6
31109,2.1,"68,358",97.9
31111,2.2,"62,442",89.4
31113,2.4,"68,723",98.4
31115,2.9,"60,487",86.6
31117,2.1,"52,774",75.6
31119,2.0,"63,482",90.9
31121,2.0,"68,754",98.5
31123,2.2,"58,889",84.3
31125,2.1,"62,863",90.0
31127,2.2,"61,933",88.7
31129,2.0,"57,278",82.0
31131,2.2,"70,433",100.9
31133,2.0,"55,584",79.6
31135,1.7,"67,296",96.4
31137,1.8,"66,287",94.9
31139,1.8,"70,906",101.5
31141,2.0,"67,132",96.1
31143,1.9,"70,813",101.4
31145,1.9,"60,108",86.1
31147,2.1,"56,121",80.4
31149,1.5,"55,648",79.7
31151,2.4,"72,948",104.5
31153,2.2,"98,619",141.2
31155,1.9,"86,179",123.4
31157,2.6,"56,853",81.4
31159,2.0,"77,778",111.4
31161,2.0,"55,388",79.3
31163,2.2,"58,456",83.7
31165,2.1,"60,806",87.1
31167,1.9,"75,068",107.5
31169,1.8,"61,125",87.5
31171,3.4,"58,818",84.2
31173,2.7,"57,129",81.8
31175,2.2,"55,050",78.8
31177,2.1,"87,368",125.1
31179,2.0,"65,664",94.0
31181,2.5,"62,679",89.8
31183,1.7,"55,951",80.1
31185,2.2,"68,440",98.0
32000,5.1,"72,348",100.0
32001,4.3,"70,149",97.0
32003,5.4,"70,838",97.9
32005,4.5,"91,960",127.1
32007,3.8,"88,757",122.7
32009,4.0,"57,501",79.5
32011,3.7,"80,291",111.0
32013,3.9,"80,255",110.9
32015,3.6,"90,190",124.7
32017,4.7,"63,978",88.4
32019,5.8,"74,741",103.3
32021,6.8,"55,704",77.0
32023,6.4,"51,933",71.8
32027,4.7,"65,315",90.3
32029,4.3,"90,171",124.6
32031,4.1,"80,245",110.9
32033,3.4,"67,639",93.5
32510,4.5,"62,859",86.9
33000,2.2,"90,750",100.0
33001,2.1,"77,531",85.4
33003,2.3,"71,981",79.3
33005,2.3,"76,227",84.0
33007,2.6,"52,292",57.6
33009,1.9,"81,205",89.5
33011,2.3,"96,415",106.2
33013,1.9,"84,898",93.6
33015,2.3,"107,445",118.4
33017,2.1,"82,845",91.3
33019,1.9,"74,700",82.3
34000,4.4,"96,341",100.0
34001,5.9,"76,108",79.0
34003,3.9,"113,885",118.2
34005,3.9,"100,188",104.0
34007,4.8,"81,372",84.5
34009,7.6,"80,845",83.9
34011,6.5,"60,892",63.2
34013,5.5,"74,747",77.6
34015,4.3,"97,851",101.6
34017,4.4,"82,361",85.5
34019,3.5,"137,334",142.5
34021,3.9,"94,832",98.4
34023,4.1,"102,073",105.9
34025,3.8,"117,699",122.2
34027,3.7,"131,562",136.6
34029,4.2,"81,152",84.2
34031,5.5,"78,779",81.8
34033,5.5,"76,005",78.9
34035,3.8,"134,735",139.9
34037,4.3,"111,308",115.5
34039,4.7,"96,483",100.1
34041,4.0,"97,729",101.4
35000,3.8,"59,842",100.0
35001,3.5,"65,034",108.7
35003,4.9,"44,247",73.9
35005,3.8,"47,855",80.0
35006,5.2,"45,674",76.3
35007,3.4,"49,966",83.5
35009,2.9,"52,463",87.7
35011,3.3,"45,208",75.5
35013,4.3,"52,011",86.9
35015,2.6,"65,063",108.7
35017,3.5,"47,099",78.7
35019,4.0,"43,862",73.3
35021,3.7,"45,217",75.6
35023,3.3,"43,610",72.9
35025,3.5,"59,194",98.9
35027,3.2,"54,344",90.8
35028,1.9,"139,217",232.6
35029,10.0,"38,796",64.8
35031,5.2,"43,720",73.1
35033,5.0,"45,155",75.5
35035,4.0,"52,787",88.2
35037,4.2,"39,885",66.7
35039,3.4,"56,353",94.2
35041,3.6,"47,854",80.0
35043,3.6,"82,862",138.5
35045,4.2,"51,898",86.7
35047,4.6,"47,675",79.7
35049,3.4,"72,836",121.7
35051,6.0,"40,420",67.5
35053,4.2,"42,280",70.7
35055,4.4,"48,462",81.0
35057,5.1,"48,322",80.7
35059,3.1,"48,545",81.1
35061,4.1,"53,275",89.0
36000,4.2,"79,463",100.0
36001,3.3,"76,997",96.9
36003,4.3,"55,466",69.8
36005,6.8,"45,864",57.7
36007,3.9,"60,533",76.2
36009,4.3,"52,383",65.9
36011,3.6,"64,129",80.7
36013,4.3,"55,644",70.0
36015,4.0,"56,664",71.3
36017,3.5,"60,755",76.5
36019,3.5,"65,272",82.1
36021,3.0,"83,533",105.1
36023,4.2,"58,274",73.3
36025,4.0,"61,424",77.3
36027,3.3,"90,740",114.2
36029,3.8,"69,888",88.0
36031,3.8,"62,376",78.5
36033,3.8,"59,192",74.5
36035,4.4,"61,512",77.4
36037,3.3,"68,973",86.8
36039,3.8,"71,433",89.9
36041,5.0,"62,149",78.2
36043,4.1,"62,197",78.3
36045,4.4,"58,763",74.0
36047,5.5,"73,244",92.2
36049,4.4,"64,452",81.1
36051,3.5,"75,077",94.5
36053,3.7,"69,851",87.9
36055,3.7,"68,169",85.8
36057,4.6,"58,176",73.2
36059,3.1,"135,528",170.6
36061,4.6,"95,514",120.2
36063,4.1,"63,565",80.0
36065,3.7,"63,894",80.4
36067,3.5,"70,939",89.3
36069,3.3,"76,601",96.4
36071,3.4,"88,532",111.4
36073,4.0,"62,900",79.2
36075,4.3,"59,335",74.7
36077,3.8,"68,962",86.8
36079,3.1,"112,167",141.2
36081,4.6,"80,180",100.9
36083,3.3,"80,040",100.7
36085,4.9,"91,582",115.3
36087,3.1,"99,839",125.6
36089,4.4,"59,451",74.8
36091,2.9,"93,341",117.5
36093,3.5,"74,206",93.4
36095,4.2,"67,975",85.5
36097,3.9,"63,233",79.6
36099,3.5,"65,354",82.2
36101,4.0,"60,558",76.2
36103,3.4,"119,253",150.1
36105,3.3,"63,733",80.2
36107,3.4,"76,197",95.9
36109,3.1,"72,025",90.6
36111,3.4,"79,340",99.8
36113,3.7,"69,849",87.9
36115,3.4,"67,013",84.3
36117,3.4,"70,917",89.2
36119,3.4,"108,037",136.0
36121,3.9,"65,526",82.5
36123,3.2,"62,637",78.8
37000,3.5,"67,516",100.0
37001,3.4,"61,034",90.4
37003,3.2,"67,717",100.3
37005,4.5,"49,524",73.4
37007,4.0,"48,284",71.5
37009,3.0,"54,379",80.5
37011,3.0,"53,894",79.8
37013,4.0,"54,415",80.6
37015,4.4,"44,434",65.8
37017,4.2,"46,002",68.1
37019,4.2,"73,536",108.9
37021,2.7,"67,906",100.6
37023,3.3,"60,629",89.8
37025,3.2,"79,649",118.0
37027,3.4,"53,586",79.4
37029,3.3,"82,620",122.4
37031,3.2,"67,806",100.4
37033,3.6,"54,215",80.3
37035,3.3,"63,934",94.7
37037,3.0,"84,516",125.2
37039,3.9,"51,607",76.4
37041,3.6,"55,818",82.7
37043,3.7,"57,698",85.5
37045,3.5,"53,170",78.8
37047,4.0,"45,379",67.2
37049,3.5,"63,076",93.4
37051,4.7,"58,013",85.9
37053,3.1,"76,217",112.9
37055,4.0,"82,052",121.5
37057,3.4,"63,590",94.2
37059,3.1,"63,436",94.0
37061,3.3,"51,270",75.9
37063,3.1,"79,524",117.8
37065,5.7,"48,770",72.2
37067,3.5,"62,992",93.3
37069,3.5,"72,415",107.3
37071,3.4,"65,430",96.9
37073,3.3,"66,561",98.6
37075,4.4,"50,301",74.5
37077,3.0,"74,120",109.8
37079,2.9,"49,992",74.0
37081,3.9,"63,822",94.5
37083,5.2,"44,804",66.4
37085,3.9,"65,242",96.6
37087,3.0,"62,374",92.4
37089,2.9,"65,252",96.6
37091,4.7,"43,871",65.0
37093,4.4,"60,903",90.2
37095,5.8,"48,068",71.2
37097,3.2,"73,446",108.8
37099,3.6,"58,491",86.6
37101,3.2,"80,612",119.4
37103,3.2,"56,079",83.1
37105,4.0,"58,244",86.3
37107,3.4,"46,410",68.7
37109,3.0,"78,615",116.4
37111,3.2,"54,042",80.0
37113,3.2,"53,832",79.7
37115,3.2,"54,137",80.2
37117,4.4,"44,445",65.8
37119,3.4,"80,645",119.4
37121,3.6,"53,555",79.3
37123,3.6,"55,313",81.9
37125,3.4,"84,458",125.1
37127,4.6,"55,406",82.1
37129,3.1,"70,995",105.2
37131,4.6,"51,550",76.4
37133,4.0,"62,190",92.1
37135,2.9,"87,780",130.0
37137,3.3,"59,845",88.6
37139,4.1,"59,066",87.5
37141,3.2,"73,663",109.1
37143,4.0,"60,665",89.9
37145,3.5,"61,302",90.8
37147,3.9,"57,319",84.9
37149,3.3,"61,585",91.2
37151,3.6,"58,037",86.0
37153,4.6,"44,383",65.7
37155,5.0,"39,931",59.1
37157,4.0,"52,494",77.8
37159,3.4,"61,105",90.5
37161,4.6,"53,485",79.2
37163,3.5,"52,248",77.4
37165,6.3,"45,996",68.1
37167,3.0,"58,642",86.9
37169,3.1,"56,259",83.3
37171,3.2,"49,524",73.4
37173,2.9,"55,462",82.1
37175,3.2,"62,173",92.1
37177,5.1,"42,514",63.0
37179,3.0,"95,079",140.8
37181,5.4,"49,961",74.0
37183,3.0,"97,099",143.8
37185,5.4,"47,170",69.9
37187,4.8,"46,072",68.2
37189,3.0,"57,888",85.7
37191,3.7,"55,635",82.4
37193,3.7,"48,229",71.4
37195,4.9,"51,535",76.3
37197,3.1,"61,464",91.0
37199,3.1,"54,455",80.7
38000,1.9,"73,240",100.0
38001,1.8,"57,593",78.6
38003,2.1,"67,058",91.6
38005,2.7,"56,605",77.3
38007,1.7,"85,947",117.3
38009,2.4,"69,351",94.7
38011,1.3,"75,386",102.9
38013,1.6,"75,931",103.7
38015,1.7,"83,111",113.5
38017,1.7,"70,002",95.6
38019,2.2,"73,221",100.0
38021,1.7,"56,326",76.9
38023,1.2,"70,513",96.3
38025,1.1,"82,490",112.6
38027,2.6,"58,848",80.3
38029,4.1,"60,952",83.2
38031,1.8,"83,156",113.5
38033,1.6,"64,823",88.5
38035,1.7,"64,914",88.6
38037,1.6,"43,988",60.1
38039,1.9,"59,332",81.0
38041,1.6,"66,192",90.4
38043,3.2,"56,951",77.8
38045,1.8,"77,744",106.1
38047,2.3,"60,695",82.9
38049,2.8,"65,378",89.3
38051,1.9,"57,614",78.7
38053,1.3,"84,206",115.0
38055,2.4,"79,935",109.1
38057,2.6,"90,092",123.0
38059,2.3,"75,133",102.6
38061,1.2,"74,094",101.2
38063,2.5,"59,947",81.9
38065,3.1,"79,521",108.6
38067,2.8,"69,141",94.4
38069,2.5,"59,007",80.6
38071,2.1,"71,307",97.4
38073,1.5,"76,130",103.9
38075,1.7,"71,271",97.3
38077,1.7,"74,253",101.4
38079,5.5,"50,598",69.1
38081,1.5,"75,325",102.8
38083,2.6,"56,922",77.7
38085,2.4,"43,721",59.7
38087,2.4,"69,249",94.6
38089,1.5,"86,963",118.7
38091,2.0,"81,081",110.7
38093,1.8,"65,633",89.6
38095,2.0,"70,656",96.5
38097,1.7,"79,065",108.0
38099,2.9,"67,249",91.8
38101,2.1,"72,091",98.4
38103,2.8,"66,294",90.5
38105,1.6,"84,145",114.9
39000,3.5,"65,786",100.0
39001,5.0,"49,068",74.6
39003,3.7,"60,384",91.8
39005,3.4,"62,037",94.3
39007,4.0,"52,468",79.8
39009,4.4,"48,265",73.4
39011,2.6,"71,669",108.9
39013,4.4,"55,573",84.5
39015,4.1,"64,034",97.3
39017,3.2,"74,841",113.8
39019,3.9,"62,482",95.0
39021,3.2,"72,784",110.6
39023,3.6,"57,264",87.0
39025,3.2,"79,492",120.8
39027,4.0,"65,927",100.2
39029,4.2,"54,167",82.3
39031,4.5,"50,731",77.1
39033,4.3,"55,912",85.0
39035,3.8,"60,808",92.4
39037,3.1,"65,643",99.8
39039,3.5,"63,904",97.1
39041,2.8,"121,528",184.7
39043,4.4,"67,925",103.3
39045,3.1,"82,447",125.3
39047,3.6,"56,901",86.5
39049,3.1,"69,762",106.0
39051,3.5,"75,383",114.6
39053,4.3,"51,449",78.2
39055,3.1,"101,636",154.5
39057,3.2,"82,769",125.8
39059,4.3,"56,004",85.1
39061,3.2,"67,033",101.9
39063,2.9,"72,658",110.4
39065,3.8,"58,844",89.4
39067,4.1,"55,129",83.8
39069,4.2,"72,122",109.6
39071,4.6,"59,464",90.4
39073,3.7,"57,353",87.2
39075,2.8,"75,226",114.3
39077,4.5,"61,482",93.5
39079,4.6,"54,893",83.4
39081,5.1,"54,272",82.5
39083,3.3,"68,334",103.9
39085,3.4,"76,163",115.8
39087,4.1,"51,062",77.6
39089,3.1,"76,596",116.4
39091,3.0,"62,449",94.9
39093,3.8,"67,124",102.0
39095,4.2,"57,971",88.1
39097,3.0,"78,533",119.4
39099,4.2,"54,774",83.3
39101,3.4,"59,012",89.7
39103,3.1,"89,108",135.5
39105,5.4,"46,393",70.5
39107,2.3,"72,077",109.6
39109,3.2,"72,887",110.8
39111,5.5,"56,384",85.7
39113,3.8,"62,794",95.5
39115,4.5,"58,803",89.4
39117,3.5,"71,835",109.2
39119,3.8,"58,791",89.4
39121,4.9,"57,054",86.7
39123,4.8,"72,780",110.6
39125,3.1,"66,332",100.8
39127,4.0,"60,448",91.9
39129,3.3,"75,916",115.4
39131,4.6,"55,029",83.6
39133,3.5,"72,965",110.9
39135,3.1,"67,605",102.8
39137,2.6,"81,780",124.3
39139,4.1,"54,906",83.5
39141,3.4,"60,352",91.7
39143,3.5,"62,473",95.0
39145,4.8,"48,465",73.7
39147,3.6,"63,221",96.1
39149,3.1,"72,498",110.2
39151,3.7,"64,557",98.1
39153,3.7,"66,034",100.4
39155,4.4,"54,406",82.7
39157,3.6,"59,626",90.6
39159,2.8,"104,512",158.9
39161,2.8,"59,377",90.3
39163,4.8,"51,015",77.5
39165,3.0,"104,523",158.9
39167,4.2,"59,196",90.0
39169,2.8,"70,121",106.6
39171,3.1,"60,983",92.7
39173,3.2,"67,254",102.2
39175,2.6,"65,631",99.8
40000,3.2,"59,632",100.0
40001,3.8,"47,799",80.2
40003,2.7,"58,045",97.3
40005,3.8,"46,160",77.4
40007,2.1,"64,431",108.0
40009,3.0,"53,119",89.1
40011,2.3,"54,616",91.6
40013,2.9,"53,782",90.2
40015,3.4,"51,071",85.6
40017,2.7,"81,761",137.1
40019,3.7,"56,052",94.0
40021,3.5,"49,403",82.8
40023,3.9,"41,999",70.4
40025,2.0,"50,900",85.4
40027,2.8,"70,923",118.9
40029,4.0,"44,040",73.9
40031,3.9,"55,600",93.2
40033,3.1,"51,036",85.6
40035,3.4,"48,922",82.0
40037,3.4,"57,545",96.5
40039,2.8,"54,056",90.6
40041,3.3,"54,799",91.9
40043,2.0,"55,444",93.0
40045,2.3,"54,087",90.7
40047,3.2,"55,515",93.1
40049,3.1,"49,245",82.6
40051,2.9,"66,930",112.2
40053,2.0,"55,657",93.3
40055,3.8,"40,545",68.0
40057,2.6,"41,170",69.0
40059,2.3,"65,228",109.4
40061,4.8,"44,536",74.7
40063,4.0,"43,773",73.4
40065,2.9,"53,513",89.7
40067,3.6,"44,188",74.1
40069,3.8,"48,452",81.3
40071,3.6,"53,066",89.0
40073,2.3,"73,023",122.5
40075,3.6,"44,959",75.4
40077,4.7,"42,409",71.1
40079,4.0,"47,026",78.9
40081,3.2,"54,922",92.1
40083,3.1,"76,331",128.0
40085,2.7,"64,723",108.5
40087,2.9,"75,474",126.6
40089,4.2,"44,465",74.6
40091,5.4,"43,700",73.3
40093,2.6,"63,840",107.1
40095,3.2,"51,341",86.1
40097,3.2,"50,174",84.1
40099,3.4,"60,307",101.1
40101,3.9,"53,035",88.9
40103,2.6,"61,415",103.0
40105,3.0,"54,339",91.1
40107,4.1,"43,544",73.0
40109,3.2,"61,580",103.3
40111,4.2,"45,754",76.7
40113,3.7,"58,677",98.4
40115,3.0,"47,855",80.3
40117,3.5,"54,690",91.7
40119,3.0,"51,236",85.9
40121,4.5,"47,930",80.4
40123,3.1,"56,077",94.0
40125,3.6,"52,695",88.4
40127,3.9,"39,267",65.8
40129,2.4,"55,183",92.5
40131,2.9,"72,952",122.3
40133,4.8,"44,114",74.0
40135,3.7,"47,450",79.6
40137,3.5,"55,309",92.8
40139,2.1,"60,719",101.8
40141,4.7,"44,333",74.3
40143,3.2,"63,442",106.4
40145,3.2,"73,851",123.8
40147,3.4,"61,704",103.5
40149,3.1,"54,789",91.9
40151,1.9,"54,020",90.6
40153,3.0,"61,248",102.7
41000,3.7,"75,638",100.0
41001,4.3,"54,382",71.9
41003,3.0,"70,117",92.7
41005,3.4,"96,915",128.1
41007,3.7,"63,667",84.2
41009,4.4,"77,572",102.6
41011,4.5,"55,983",74.0
41013,5.5,"69,563",92.0
41015,4.6,"54,595",72.2
41017,3.7,"84,281",111.4
41019,4.7,"55,837",73.8
41021,4.2,"69,038",91.3
41023,5.0,"58,348",77.1
41025,4.2,"56,001",74.0
41027,3.0,"75,818",100.2
41029,4.3,"68,239",90.2
41031,4.6,"65,600",86.7
41033,5.1,"54,983",72.7
41035,5.2,"54,961",72.7
41037,5.0,"54,707",72.3
41039,4.0,"64,192",84.9
41041,4.2,"57,216",75.6
41043,4.1,"67,265",88.9
41045,3.7,"49,380",65.3
41047,3.7,"70,861",93.7
41049,3.4,"67,524",89.3
41051,3.6,"79,432",105.0
41053,3.8,"77,156",102.0
41055,3.8,"71,460",94.5
41057,3.8,"64,877",85.8
41059,4.1,"71,012",93.9
41061,3.9,"57,091",75.5
41063,4.4,"61,648",81.5
41065,4.0,"60,506",80.0
41067,3.2,"98,706",130.5
41069,2.8,"49,716",65.7
41071,3.5,"77,969",103.1
42000,3.4,"71,789",100.0
42001,2.6,"76,554",106.6
42003,3.3,"71,973",100.3
42005,3.9,"57,609",80.2
42007,4.1,"67,135",93.5
42009,3.5,"55,517",77.3
42011,3.5,"72,157",100.5
42013,3.3,"57,884",80.6
42015,3.3,"63,529",88.5
42017,3.0,"105,202",146.5
42019,3.1,"81,507",113.5
42021,4.1,"54,612",76.1
42023,5.0,"50,338",70.1
42025,3.9,"64,766",90.2
42027,2.7,"67,654",94.2
42029,2.6,"117,326",163.4
42031,4.2,"57,844",80.6
42033,3.9,"59,318",82.6
42035,4.0,"58,892",82.0
42037,3.6,"59,127",82.4
42039,3.7,"54,774",76.3
42041,2.7,"81,295",113.2
42043,3.2,"67,813",94.5
42045,3.2,"83,856",116.8
42047,3.3,"57,570",80.2
42049,3.8,"56,489",78.7
42051,4.5,"51,494",71.7
42053,5.2,"43,362",60.4
42055,2.9,"73,709",102.7
42057,3.1,"64,405",89.7
42059,3.7,"63,082",87.9
42061,4.3,"58,170",81.0
42063,4.1,"53,040",73.9
42065,3.8,"54,248",75.6
42067,3.4,"62,661",87.3
42069,3.7,"61,168",85.2
42071,2.7,"82,434",114.8
42073,4.2,"58,730",81.8
42075,2.8,"69,490",96.8
42077,3.6,"72,590",101.1
42079,4.3,"59,358",82.7
42081,3.5,"61,729",86.0
42083,4.4,"58,112",80.9
42085,3.8,"57,702",80.4
42087,3.5,"57,096",79.5
42089,4.5,"79,824",111.2
42091,2.8,"106,743",148.7
42093,2.7,"76,229",106.2
42095,3.5,"75,468",105.1
42097,4.0,"57,822",80.5
42099,2.9,"67,834",94.5
42101,4.2,"56,385",78.5
42103,4.6,"81,886",114.1
42105,4.8,"53,935",75.1
42107,4.0,"63,680",88.7
42109,3.4,"62,382",86.9
42111,4.0,"50,516",70.4
42113,3.9,"59,957",83.5
42115,3.2,"63,413",88.3
42117,3.8,"61,190",85.2
42119,2.9,"65,521",91.3
42121,4.2,"52,449",73.1
42123,3.7,"56,707",79.0
42125,3.4,"70,751",98.6
42127,3.9,"56,973",79.4
42129,3.5,"71,152",99.1
42131,3.7,"67,643",94.2
42133,3.0,"79,938",111.4
44000,3.0,"80,873",100.0
44001,2.5,"101,158",125.1
44003,2.7,"84,230",104.2
44005,2.6,"92,795",114.7
44007,3.3,"74,190",91.7
44009,2.5,"99,015",122.4
45000,3.0,"64,227",100.0
45001,3.7,"50,325",78.4
45003,3.0,"67,728",105.5
45005,5.3,"35,249",54.9
45007,2.8,"62,708",97.6
45009,5.3,"37,952",59.1
45011,4.3,"45,080",70.2
45013,2.8,"83,687",130.3
45015,2.7,"79,259",123.4
45017,3.3,"55,642",86.6
45019,2.4,"79,969",124.5
45021,4.2,"50,403",78.5
45023,3.9,"53,488",83.3
45025,3.2,"44,574",69.4
45027,4.0,"46,202",71.9
45029,3.1,"47,933",74.6
45031,3.3,"50,427",78.5
45033,4.4,"37,752",58.8
45035,2.6,"74,730",116.4
45037,3.1,"61,318",95.5
45039,4.0,"50,743",79.0
45041,3.0,"52,650",82.0
45043,3.3,"59,457",92.6
45045,2.6,"71,833",111.8
45047,3.5,"49,867",77.6
45049,2.8,"43,987",68.5
45051,3.4,"61,375",95.6
45053,2.6,"61,838",96.3
45055,3.0,"61,015",95.0
45057,3.3,"70,113",109.2
45059,3.2,"53,847",83.8
45061,3.9,"41,583",64.7
45063,2.5,"73,022",113.7
45065,3.3,"56,636",88.2
45067,4.4,"37,244",58.0
45069,7.2,"39,160",61.0
45071,2.9,"55,050",85.7
45073,2.8,"61,716",96.1
45075,4.4,"42,209",65.7
45077,2.9,"55,333",86.2
45079,3.0,"61,010",95.0
45081,2.8,"57,291",89.2
45083,2.9,"58,535",91.1
45085,3.8,"56,937",88.6
45087,4.1,"46,461",72.3
45089,4.8,"39,757",61.9
45091,2.8,"83,692",130.3
46000,2.0,"70,597",100.0
46003,1.6,"61,013",86.4
46005,1.8,"59,508",84.3
46007,3.1,"49,152",69.6
46009,1.9,"62,963",89.2
46011,2.0,"71,166",100.8
46013,2.0,"71,731",101.6
46015,1.7,"60,133",85.2
46017,4.4,"30,659",43.4
46019,1.9,"64,528",91.4
46021,2.5,"65,591",92.9
46023,2.2,"54,367",77.0
46025,2.0,"62,559",88.6
46027,2.1,"55,263",78.3
46029,1.8,"65,009",92.1
46031,3.0,"39,329",55.7
46033,2.5,"75,336",106.7
46035,1.7,"63,753",90.3
46037,2.7,"62,786",88.9
46039,2.8,"77,694",110.1
46041,5.7,"50,048",70.9
46043,1.9,"73,934",104.7
46045,2.0,"72,004",102.0
46047,2.6,"56,976",80.7
46049,1.8,"60,853",86.2
46051,2.4,"70,409",99.7
46053,1.9,"49,239",69.7
46055,1.8,"58,799",83.3
46057,1.8,"73,995",104.8
46059,1.6,"64,536",91.4
46061,2.2,"79,488",112.6
46063,1.9,"65,168",92.3
46065,1.6,"79,301",112.3
46067,2.1,"64,422",91.3
46069,1.8,"64,416",91.2
46071,3.2,"45,190",64.0
46073,1.7,"57,560",81.5
46075,2.5,"60,864",86.2
46077,1.9,"64,215",91.0
46079,1.9,"74,668",105.8
46081,1.9,"67,606",95.8
46083,1.6,"98,387",139.4
46085,2.8,"54,199",76.8
46087,1.7,"70,320",99.6
46089,2.4,"52,850",74.9
46091,2.5,"65,643",93.0
46093,2.1,"71,106",100.7
46095,3.2,"44,702",63.3
46097,1.7,"64,099",90.8
46099,1.8,"75,623",107.1
46101,2.0,"70,603",100.0
46102,5.8,"40,683",57.6
46103,1.9,"67,573",95.7
46105,2.0,"57,148",80.9
46107,2.4,"72,374",102.5
46109,3.1,"57,788",81.9
46111,1.8,"63,266",89.6
46115,2.2,"61,513",87.1
46117,1.8,"81,788",115.9
46119,1.6,"76,192",107.9
46121,3.4,"41,862",59.3
46123,1.6,"55,946",79.2
46125,1.9,"74,511",105.5
46127,2.1,"85,677",121.4
46129,3.2,"57,100",80.9
46135,1.8,"62,951",89.2
46137,4.4,"40,004",56.7
47000,3.3,"65,231",100.0
47001,3.2,"64,615",99.1
47003,3.3,"70,185",107.6
47005,4.1,"50,635",77.6
47007,5.3,"46,207",70.8
47009,3.0,"69,713",106.9
47011,3.5,"62,666",96.1
47013,4.1,"44,268",67.9
47015,2.9,"63,155",96.8
47017,4.1,"52,680",80.8
47019,3.7,"48,912",75.0
47021,2.6,"78,437",120.2
47023,3.1,"57,732",88.5
47025,3.9,"41,087",63.0
47027,4.4,"43,441",66.6
47029,4.5,"45,361",69.5
47031,3.4,"56,519",86.6
47033,3.3,"53,598",82.2
47035,4.2,"53,388",81.8
47037,2.7,"72,561",111.2
47039,4.5,"52,294",80.2
47041,4.1,"55,392",84.9
47043,2.7,"70,192",107.6
47045,3.5,"53,715",82.3
47047,3.6,"84,328",129.3
47049,3.8,"41,147",63.1
47051,3.5,"61,417",94.2
47053,3.5,"55,608",85.2
47055,3.3,"54,684",83.8
47057,3.7,"51,951",79.6
47059,4.2,"50,410",77.3
47061,4.5,"44,219",67.8
47063,3.6,"56,734",87.0
47065,3.2,"75,127",115.2
47067,4.4,"38,024",58.3
47069,4.4,"44,454",68.1
47071,4.0,"42,573",65.3
47073,3.9,"52,819",81.0
47075,4.4,"46,351",71.1
47077,3.7,"53,822",82.5
47079,3.8,"51,194",78.5
47081,2.8,"56,917",87.3
47083,4.6,"60,581",92.9
47085,3.3,"58,917",90.3
47087,4.1,"43,306",66.4
47089,3.5,"60,785",93.2
47091,3.2,"45,495",69.7
47093,2.8,"70,013",107.3
47095,4.3,"38,088",58.4
47097,5.1,"47,575",72.9
47099,3.5,"55,562",85.2
47101,3.3,"53,189",81.5
47103,3.2,"61,591",94.4
47105,3.3,"79,683",122.2
47107,4.2,"60,950",93.4
47109,4.7,"49,706",76.2
47111,3.1,"56,817",87.1
47113,3.3,"57,070",87.5
47115,3.9,"58,686",90.0
47117,3.2,"64,013",98.1
47119,2.8,"70,225",107.7
47121,5.0,"54,257",83.2
47123,3.6,"56,047",85.9
47125,3.7,"67,478",103.4
47127,2.5,"68,086",104.4
47129,4.0,"59,967",91.9
47131,3.8,"50,159",76.9
47133,3.5,"52,108",79.9
47135,5.2,"46,448",71.2
47137,4.1,"47,932",73.5
47139,3.9,"55,146",84.5
47141,3.5,"54,996",84.3
47143,4.5,"59,207",90.8
47145,3.6,"63,430",97.2
47147,2.7,"77,326",118.5
47149,2.6,"77,320",118.5
47151,4.8,"44,599",68.4
47153,3.9,"56,264",86.3
47155,3.0,"59,530",91.3
47157,4.3,"61,452",94.2
47159,3.0,"63,960",98.1
47161,3.6,"60,242",92.4
47163,3.5,"54,361",83.3
47165,2.6,"87,453",134.1
47167,3.8,"68,778",105.4
47169,3.1,"58,584",89.8
47171,4.2,"52,260",80.1
47173,3.8,"51,169",78.4
47175,4.5,"50,260",77.0
47177,4.1,"52,520",80.5
47179,3.3,"64,270",98.5
47181,4.0,"48,321",74.1
47183,3.6,"49,815",76.4
47185,3.5,"49,411",75.7
47187,2.5,"133,486",204.6
47189,2.7,"88,462",135.6
48000,3.9,"72,279",100.0
48001,3.5,"60,800",84.1
48003,3.0,"68,998",95.5
48005,4.4,"56,825",78.6
48007,4.9,"60,523",83.7
48009,3.5,"72,062",99.7
48011,3.3,"67,548",93.5
48013,3.8,"59,817",82.8
48015,3.7,"68,630",95.0
48017,4.7,"52,751",73.0
48019,3.5,"69,284",95.9
48021,3.4,"73,403",101.6
48023,2.5,"49,059",67.9
48025,5.1,"48,176",66.7
48027,4.5,"62,412",86.3
48029,3.7,"65,839",91.1
48031,2.8,"82,236",113.8
48033,1.8,"75,186",104.0
48035,3.5,"61,048",84.5
48037,4.2,"52,460",72.6
48039,4.4,"86,197",119.3
48041,3.1,"60,355",83.5
48043,3.2,"52,388",72.5
48045,3.8,"53,208",73.6
48047,5.5,"35,359",48.9
48049,4.3,"53,455",74.0
48051,3.6,"62,095",85.9
48053,3.1,"74,897",103.6
48055,3.5,"60,833",84.2
48057,3.3,"62,742",86.8
48059,3.6,"63,836",88.3
48061,5.4,"49,583",68.6
48063,4.4,"52,919",73.2
48065,3.0,"71,902",99.5
48067,4.7,"54,276",75.1
48069,3.1,"59,958",83.0
48071,5.4,"102,146",141.3
48073,4.4,"50,351",69.7
48075,2.8,"49,200",68.1
48077,3.7,"66,085",91.4
48079,4.0,"45,766",63.3
48081,3.3,"43,774",60.6
48083,4.6,"45,834",63.4
48085,3.5,"113,943",157.6
48087,3.6,"52,093",72.1
48089,3.5,"59,711",82.6
48091,3.6,"92,979",128.6
48093,3.6,"51,559",71.3
48095,3.1,"51,191",70.8
48097,3.3,"66,466",92.0
48099,4.5,"63,428",87.8
48101,2.6,"45,351",62.7
48103,4.5,"67,889",93.9
48105,3.3,"71,851",99.4
48107,4.2,"46,457",64.3
48109,3.2,"52,160",72.2
48111,2.6,"61,636",85.3
48113,3.8,"70,871",98.1
48115,4.2,"48,801",67.5
48117,3.1,"55,565",76.9
48119,4.5,"54,587",75.5
48121,3.5,"102,711",142.1
48123,3.3,"55,525",76.8
48125,5.1,"47,074",65.1
48127,3.2,"44,312",61.3
48129,3.9,"44,866",62.1
48131,4.4,"40,539",56.1
48133,4.6,"53,351",73.8
48135,3.3,"64,868",89.7
48137,2.5,"50,752",70.2
48139,3.7,"89,314",123.6
48141,4.4,"53,441",73.9
48143,3.5,"60,093",83.1
48145,4.1,"47,534",65.8
48147,3.4,"60,959",84.3
48149,3.4,"70,476",97.5
48151,3.3,"57,867",80.1
48153,4.3,"45,784",63.3
48155,3.3,"47,657",65.9
48157,4.0,"105,583",146.1
48159,3.8,"56,623",78.3
48161,5.1,"56,372",78.0
48163,3.3,"46,769",64.7
48165,2.9,"62,465",86.4
48167,4.3,"75,947",105.1
48169,3.4,"50,255",69.5
48171,2.6,"77,013",106.5
48173,2.4,"96,533",133.6
48175,3.7,"62,841",86.9
48177,3.4,"57,523",79.6
48179,4.1,"50,648",70.1
48181,3.7,"66,141",91.5
48183,4.2,"60,932",84.3
48185,4.4,"61,188",84.7
48187,3.4,"86,043",119.0
48189,4.9,"49,571",68.6
48191,4.3,"40,677",56.3
48193,3.4,"59,753",82.7
48195,2.6,"69,064",95.6
48197,4.8,"49,539",68.5
48199,4.9,"70,432",97.4
48201,4.3,"68,748",95.1
48203,4.7,"64,636",89.4
48205,2.1,"84,165",116.4
48207,3.8,"48,587",67.2
48209,3.3,"89,074",123.2
48211,3.5,"73,212",101.3
48213,4.1,"62,843",86.9
48215,6.1,"48,825",67.6
48217,4.0,"57,566",79.6
48219,3.6,"56,923",78.8
48221,3.7,"75,545",104.5
48223,3.5,"64,249",88.9
48225,3.2,"49,741",68.8
48227,4.3,"59,598",82.5
48229,3.8,"39,582",54.8
48231,4.1,"68,019",94.1
48233,4.3,"65,019",90.0
48235,3.3,"77,768",107.6
48237,3.6,"54,132",74.9
48239,3.3,"61,953",85.7
48241,6.3,"50,763",70.2
48243,3.2,"58,285",80.6
48245,6.3,"55,065",76.2
48247,4.7,"43,782",60.6
48249,5.2,"48,252",66.8
48251,3.6,"76,747",106.2
48253,4.6,"51,894",71.8
48255,3.1,"61,860",85.6
48257,4.1,"92,814",128.4
48259,3.3,"120,238",166.4
48261,7.1,"43,274",59.9
48263,2.1,"58,118",80.4
48265,3.5,"59,619",82.5
48267,3.4,"51,851",71.7
48269,1.0,"87,856",121.6
48271,4.6,"52,609",72.8
48273,4.6,"51,342",71.0
48275,3.5,"47,207",65.3
48277,4.3,"62,620",86.6
48279,4.1,"53,008",73.3
48281,3.8,"67,917",94.0
48283,2.6,"40,555",56.1
48285,3.3,"58,400",80.8
48287,3.2,"65,911",91.2
48289,4.7,"56,749",78.5
48291,5.5,"61,880",85.6
48293,4.2,"51,357",71.1
48295,3.2,"70,236",97.2
48297,3.8,"58,576",81.0
48299,3.6,"59,528",82.4
48301,.3,"94,716",131.0
48303,3.3,"59,138",81.8
48305,3.3,"56,754",78.5
48307,4.1,"45,915",63.5
48309,3.7,"63,160",87.4
48311,1.7,"67,525",93.4
48313,4.6,"53,906",74.6
48315,4.8,"47,720",66.0
48317,2.7,"73,315",101.4
48319,3.5,"59,129",81.8
48321,5.4,"58,380",80.8
48323,7.5,"43,407",60.1
48325,3.8,"70,313",97.3
48327,3.7,"44,145",61.1
48329,2.5,"81,187",112.3
48331,4.2,"54,667",75.6
48333,3.9,"58,068",80.3
48335,4.0,"48,378",66.9
48337,3.5,"57,076",79.0
48339,3.9,"95,241",131.8
48341,2.7,"66,583",92.1
48343,5.9,"49,847",69.0
48345,4.0,"46,320",64.1
48347,4.3,"51,708",71.5
48349,4.0,"50,822",70.3
48351,7.1,"47,804",66.1
48353,3.5,"50,579",70.0
48355,4.2,"60,250",83.4
48357,3.3,"69,383",96.0
48359,3.0,"66,411",91.9
48361,5.4,"63,901",88.4
48363,3.7,"56,809",78.6
48365,4.5,"59,772",82.7
48367,3.3,"95,277",131.8
48369,2.6,"57,786",79.9
48371,3.6,"54,003",74.7
48373,5.4,"58,894",81.5
48375,3.1,"51,028",70.6
48377,6.3,"43,666",60.4
48379,3.5,"45,419",62.8
48381,2.9,"77,066",106.6
48383,3.6,"83,195",115.1
48385,5.1,"49,467",68.4
48387,4.8,"47,081",65.1
48389,3.1,"53,969",74.7
48391,3.9,"50,936",70.5
48393,3.6,"70,814",98.0
48395,3.6,"57,796",80.0
48397,3.6,"124,291",172.0
48399,3.9,"52,729",73.0
48401,4.1,"55,085",76.2
48403,6.8,"50,564",70.0
48405,5.4,"49,591",68.6
48407,4.7,"57,855",80.0
48409,4.8,"62,919",87.1
48411,3.8,"51,350",71.0
48413,3.5,"54,168",74.9
48415,4.1,"60,387",83.5
48417,2.7,"64,690",89.5
48419,4.5,"51,551",71.3
48421,3.2,"73,395",101.5
48423,3.6,"67,978",94.0
48425,3.6,"75,568",104.6
48427,9.3,"35,758",49.5
48429,3.9,"50,710",70.2
48431,4.0,"75,895",105.0
48433,2.7,"53,153",73.5
48435,5.8,"68,838",95.2
48437,4.6,"52,148",72.1
48439,3.7,"76,285",105.5
48441,3.3,"61,798",85.5
48443,3.5,"47,969",66.4
48445,3.9,"46,998",65.0
48447,3.6,"50,997",70.6
48449,4.2,"58,411",80.8
48451,3.5,"60,348",83.5
48453,3.3,"95,151",131.6
48455,5.0,"49,629",68.7
48457,5.8,"50,722",70.2
48459,4.2,"59,690",82.6
48461,1.7,"61,607",85.2
48463,4.2,"48,427",67.0
48465,5.5,"52,593",72.8
48467,3.5,"57,706",79.8
48469,4.1,"67,905",93.9
48471,4.6,"53,301",73.7
48473,4.6,"75,223",104.1
48475,3.0,"60,775",84.1
48477,3.9,"66,911",92.6
48479,4.0,"56,289",77.9
48481,3.9,"57,487",79.5
48483,3.7,"55,713",77.1
48485,3.9,"56,634",78.4
48487,5.0,"52,983",73.3
48489,7.8,"41,648",57.6
48491,3.4,"101,891",141.0
48493,3.2,"79,432",109.9
48495,3.4,"69,775",96.5
48497,3.7,"80,096",110.8
48499,4.4,"57,504",79.6
48501,3.4,"62,748",86.8
48503,3.4,"58,297",80.7
48505,6.4,"39,403",54.5
48507,7.3,"36,237",50.1
49000,2.6,"88,531",100.0
49001,3.0,"66,394",75.0
49003,2.5,"79,450",89.7
49005,2.3,"76,631",86.6
49007,3.7,"59,243",66.9
49009,4.2,"66,427",75.0
49011,2.4,"103,143",116.5
49013,2.9,"67,256",76.0
49015,3.1,"64,651",73.0
49017,6.4,"66,786",75.4
49019,3.6,"67,218",75.9
49021,2.6,"66,499",75.1
49023,2.3,"94,181",106.4
49025,2.7,"66,609",75.2
49027,2.3,"67,318",76.0
49029,2.1,"119,482",135.0
49031,4.9,"54,495",61.6
49033,2.4,"71,800",81.1
49035,2.7,"91,713",103.6
49037,4.0,"50,452",57.0
49039,2.9,"65,044",73.5
49041,2.8,"73,014",82.5
49043,2.4,"132,358",149.5
49045,2.8,"91,353",103.2
49047,3.3,"67,554",76.3
49049,2.6,"95,085",107.4
49051,2.4,"115,793",130.8
49053,2.8,"75,572",85.4
49055,4.3,"63,705",72.0
49057,2.8,"83,465",94.3
50000,2.0,"74,555",100.0
50001,1.7,"79,526",106.7
50003,2.5,"69,249",92.9
50005,2.3,"61,554",82.6
50007,1.6,"86,579",116.1
50009,2.9,"54,570",73.2
50011,1.8,"76,395",102.5
50013,2.1,"76,260",102.3
50015,2.5,"65,190",87.4
50017,2.0,"73,057",98.0
50019,3.4,"56,818",76.2
50021,2.4,"61,290",82.2
50023,2.0,"77,432",103.9
50025,2.3,"61,976",83.1
50027,1.8,"74,244",99.6
51000,2.9,"85,838",100.0
51001,3.5,"56,357",65.7
51003,2.6,"94,727",110.4
51005,3.5,"52,412",61.1
51007,3.0,"65,835",76.7
51009,3.2,"61,271",71.4
51011,3.6,"62,375",72.7
51013,2.1,"131,020",152.6
51015,2.5,"77,487",90.3
51017,2.8,"59,763",69.6
51019,2.9,"71,135",82.9
51021,3.0,"55,722",64.9
51023,2.5,"81,122",94.5
51025,4.6,"49,080",57.2
51027,4.4,"39,652",46.2
51029,3.9,"55,965",65.2
51031,3.3,"63,516",74.0
51033,3.1,"72,210",84.1
51035,3.7,"51,111",59.5
51036,3.2,"67,596",78.7
51037,3.5,"50,151",58.4
51041,2.9,"100,149",116.7
51043,2.5,"106,914",124.6
51045,3.2,"62,672",73.0
51047,2.8,"94,287",109.8
51049,3.5,"55,257",64.4
51051,4.4,"43,271",50.4
51053,3.3,"72,695",84.7
51057,3.7,"58,214",67.8
51059,2.5,"144,632",168.5
51061,2.5,"120,301",140.1
51063,2.6,"62,561",72.9
51065,2.5,"88,162",102.7
51067,3.0,"68,089",79.3
51069,2.5,"97,091",113.1
51071,2.9,"62,716",73.1
51073,2.6,"76,960",89.7
51075,2.9,"113,617",132.4
51077,2.7,"45,414",52.9
51079,2.5,"82,772",96.4
51081,3.7,"47,596",55.4
51083,4.0,"50,578",58.9
51085,2.5,"103,639",120.7
51087,2.9,"82,187",95.7
51089,3.5,"49,370",57.5
51091,2.3,"54,470",63.5
51093,2.8,"85,227",99.3
51095,2.8,"103,070",120.1
51097,2.7,"62,180",72.4
51099,2.6,"100,092",116.6
51101,2.7,"82,715",96.4
51103,3.7,"60,857",70.9
51105,3.8,"41,573",48.4
51107,2.5,"167,605",195.3
51109,2.7,"72,569",84.5
51111,3.3,"47,660",55.5
51113,2.3,"71,697",83.5
51115,2.8,"73,827",86.0
51117,3.6,"52,092",60.7
51119,2.7,"68,881",80.2
51121,2.8,"69,668",81.2
51125,2.7,"66,612",77.6
51127,2.6,"115,627",134.7
51131,3.5,"52,783",61.5
51133,4.3,"67,077",78.1
51135,3.0,"50,756",59.1
51137,3.0,"81,390",94.8
51139,3.5,"60,061",70.0
51141,3.5,"49,319",57.5
51143,3.1,"49,659",57.9
51145,2.7,"105,231",122.6
51147,4.1,"57,400",66.9
51149,3.4,"76,571",89.2
51153,2.7,"119,051",138.7
51155,2.8,"57,731",67.3
51157,2.6,"85,575",99.7
51159,3.1,"60,180",70.1
51161,2.6,"77,010",89.7
51163,2.7,"64,393",75.0
51165,2.5,"72,921",85.0
51167,3.6,"49,537",57.7
51169,3.2,"43,743",51.0
51171,2.7,"65,289",76.1
51173,3.2,"45,484",53.0
51175,2.6,"61,246",71.4
51177,3.0,"96,322",112.2
51179,2.9,"134,456",156.6
51181,2.7,"65,339",76.1
51183,4.1,"49,340",57.5
51185,4.0,"48,360",56.3
51187,2.9,"79,949",93.1
51191,2.9,"61,686",71.9
51193,3.3,"61,545",71.7
51195,4.2,"45,220",52.7
51197,3.0,"47,257",55.1
51199,2.7,"111,346",129.7
51510,2.3,"110,115",128.3
51520,3.7,"43,123",50.2
51530,2.7,"51,030",59.4
51540,2.4,"67,903",79.1
51550,2.9,"87,127",101.5
51570,3.1,"68,456",79.8
51580,4.1,"46,592",54.3
51590,4.6,"40,799",47.5
51595,4.6,"43,496",50.7
51600,2.4,"122,790",143.0
51610,2.3,"142,513",166.0
51620,3.8,"54,594",63.6
51630,3.4,"71,217",83.0
51640,3.9,"44,706",52.1
51650,3.7,"64,086",74.7
51660,3.5,"56,057",65.3
51670,4.4,"53,098",61.9
51678,4.4,"62,382",72.7
51680,4.2,"50,494",58.8
51683,2.5,"97,722",113.8
51685,2.6,"90,816",105.8
51690,4.7,"41,500",48.3
51700,3.4,"63,350",73.8
51710,3.4,"60,030",69.9
51720,4.1,"41,298",48.1
51730,5.4,"42,385",49.4
51735,2.5,"109,549",127.6
51740,3.7,"54,843",63.9
51750,3.6,"47,892",55.8
51760,3.5,"58,719",68.4
51770,3.2,"50,425",58.7
51775,2.9,"63,676",74.2
51790,2.6,"61,917",72.1
51800,3.1,"81,858",95.4
51810,2.8,"83,066",96.8
51820,2.9,"58,527",68.2
51830,4.0,"67,543",78.7
51840,2.8,"60,557",70.5
53000,4.1,"91,255",100.0
53001,4.6,"62,410",68.4
53003,3.4,"65,625",71.9
53005,4.5,"85,144",93.3
53007,4.3,"81,697",89.5
53009,5.2,"66,693",73.1
53011,4.3,"91,149",99.9
53013,4.4,"62,935",69.0
53015,5.1,"71,847",78.7
53017,4.7,"83,870",91.9
53019,8.4,"57,064",62.5
53021,5.7,"77,820",85.3
53023,5.5,"64,413",70.6
53025,5.2,"63,809",69.9
53027,6.3,"62,258",68.2
53029,4.3,"82,717",90.6
53031,5.0,"69,176",75.8
53033,3.4,"116,044",127.2
53035,4.1,"93,794",102.8
53037,5.1,"71,737",78.6
53039,5.1,"70,371",77.1
53041,5.4,"67,954",74.5
53043,4.9,"68,318",74.9
53045,5.5,"78,029",85.5
53047,5.5,"58,661",64.3
53049,6.0,"55,615",60.9
53051,6.0,"59,332",65.0
53053,4.7,"92,793",101.7
53055,3.4,"84,024",92.1
53057,4.6,"79,118",86.7
53059,4.8,"82,132",90.0
53061,3.5,"101,440",111.2
53063,4.2,"69,079",75.7
53065,6.0,"65,748",72.0
53067,4.1,"88,560",97.0
53069,6.4,"70,099",76.8
53071,4.2,"66,542",72.9
53073,4.3,"78,796",86.3
53075,4.0,"54,412",59.6
53077,5.8,"63,058",69.1
54000,3.9,"54,097",100.0
54001,4.8,"46,302",85.6
54003,3.4,"70,829",130.9
54005,4.2,"46,508",86.0
54007,5.1,"43,328",80.1
54009,5.0,"61,551",113.8
54011,3.7,"51,017",94.3
54013,7.2,"43,589",80.6
54015,5.8,"42,604",78.8
54017,3.2,"47,755",88.3
54019,4.4,"48,710",90.0
54021,5.3,"44,938",83.1
54023,3.8,"58,150",107.5
54025,3.7,"45,137",83.4
54027,2.8,"58,266",107.7
54029,5.8,"58,077",107.4
54031,4.3,"53,876",99.6
54033,3.3,"57,764",106.8
54035,4.2,"54,735",101.2
54037,2.7,"87,259",161.3
54039,3.6,"55,160",102.0
54041,4.6,"53,283",98.5
54043,4.9,"43,727",80.8
54045,4.2,"42,615",78.8
54047,6.4,"28,972",53.6
54049,4.0,"58,855",108.8
54051,5.0,"51,934",96.0
54053,4.6,"48,077",88.9
54055,4.4,"43,917",81.2
54057,4.1,"59,669",110.3
54059,5.3,"35,761",66.1
54061,3.1,"59,094",109.2
54063,3.0,"53,154",98.3
54065,3.1,"56,162",103.8
54067,4.6,"46,757",86.4
54069,3.8,"60,241",111.4
54071,2.6,"52,553",97.1
54073,5.4,"56,391",104.2
54075,4.5,"44,553",82.4
54077,3.9,"55,965",103.5
54079,3.3,"80,034",147.9
54081,3.7,"51,317",94.9
54083,4.8,"49,362",91.2
54085,4.3,"51,965",96.1
54087,6.0,"42,697",78.9
54089,3.9,"40,569",75.0
54091,3.7,"53,972",99.8
54093,3.4,"50,444",93.2
54095,5.9,"57,560",106.4
54097,4.6,"47,035",86.9
54099,4.1,"52,540",97.1
54101,5.1,"40,598",75.0
54103,5.9,"48,563",89.8
54105,5.8,"43,441",80.3
54107,4.1,"57,599",106.5
54109,4.3,"39,892",73.7
55000,3.0,"71,050",100.0
55001,5.1,"54,682",77.0
55003,3.7,"56,848",80.0
55005,3.6,"62,344",87.7
55007,4.5,"63,680",89.6
55009,2.7,"72,398",101.9
55011,4.4,"63,969",90.0
55013,4.6,"57,438",80.8
55015,2.4,"85,589",120.5
55017,3.5,"74,425",104.8
55019,2.8,"63,641",89.6
55021,2.6,"78,767",110.9
55023,3.9,"63,862",89.9
55025,2.3,"85,189",119.9
55027,2.6,"69,681",98.1
55029,3.0,"72,296",101.8
55031,4.3,"66,180",93.1
55033,3.4,"71,434",100.5
55035,2.7,"70,564",99.3
55037,3.4,"64,512",90.8
55039,2.7,"71,206",100.2
55041,4.8,"56,118",79.0
55043,2.9,"63,247",89.0
55045,2.4,"79,337",111.7
55047,3.4,"66,070",93.0
55049,2.6,"76,404",107.5
55051,5.5,"60,694",85.4
55053,3.9,"64,344",90.6
55055,2.8,"78,728",110.8
55057,3.2,"61,904",87.1
55059,3.4,"75,067",105.7
55061,2.5,"73,717",103.8
55063,2.6,"70,075",98.6
55065,2.3,"67,311",94.7
55067,3.6,"57,745",81.3
55069,3.2,"59,637",83.9
55071,3.0,"62,910",88.5
55073,2.7,"70,955",99.9
55075,4.0,"58,554",82.4
55077,3.7,"58,197",81.9
55078,6.1,"51,623",72.7
55079,3.8,"58,375",82.2
55081,2.7,"65,232",91.8
55083,3.3,"68,127",95.9
55085,3.4,"62,242",87.6
55087,2.6,"78,808",110.9
55089,2.6,"97,778",137.6
55091,3.1,"69,535",97.9
55093,3.5,"85,508",120.3
55095,4.1,"73,982",104.1
55097,3.0,"71,360",100.4
55099,3.4,"53,883",75.8
55101,3.6,"72,331",101.8
55103,3.0,"67,086",94.4
55105,3.4,"67,430",94.9
55107,3.7,"56,410",79.4
55109,3.5,"97,589",137.4
55111,2.6,"70,484",99.2
55113,4.2,"60,034",84.5
55115,3.0,"66,733",93.9
55117,2.5,"65,008",91.5
55119,3.7,"67,544",95.1
55121,3.5,"68,184",96.0
55123,2.8,"67,812",95.4
55125,3.9,"63,356",89.2
55127,2.9,"73,723",103.8
55129,3.7,"59,221",83.4
55131,2.6,"90,313",127.1
55133,2.6,"99,525",140.1
55135,3.0,"65,960",92.8
55137,3.5,"55,982",78.8
55139,2.7,"69,887",98.4
55141,3.5,"64,408",90.7
56000,2.9,"71,275",100.0
56001,2.6,"53,537",75.1
56003,3.3,"59,702",83.8
56005,2.7,"89,870",126.1
56007,3.0,"66,225",92.9
56009,2.3,"78,015",109.5
56011,2.4,"70,196",98.5
56013,3.4,"55,125",77.3
56015,2.6,"58,720",82.4
56017,2.6,"64,734",90.8
56019,2.8,"70,067",98.3
56021,3.0,"71,956",101.0
56023,2.9,"93,044",130.5
56025,3.2,"70,142",98.4
56027,2.6,"54,573",76.6
56029,2.9,"69,802",97.9
56031,2.9,"61,185",85.8
56033,2.7,"70,224",98.5
56035,3.3,"85,649",120.2
56037,3.3,"75,779",106.3
56039,2.1,"127,677",179.1
56041,3.2,"73,072",102.5
56043,3.3,"60,699",85.2
56045,2.1,"67,677",95.0
72000,5.9,,
72001,8.9,,
72003,6.9,,
72005,7.8,,
72007,6.3,,
72009,7.7,,
72011,6.2,,
72013,6.7,,
72015,9.4,,
72017,7.9,,
72019,7.6,,
72021,4.6,,
72023,6.6,,
72025,4.8,,
72027,6.3,,
72029,4.4,,
72031,4.2,,
72033,4.2,,
72035,5.1,,
72037,6.8,,
72039,8.1,,
72041,4.9,,
72043,8.1,,
72045,7.3,,
72047,6.8,,
72049,1.7,,
72051,4.7,,
72053,6.9,,
72054,8.4,,
72055,11.6,,
72057,7.3,,
72059,11.3,,
72061,2.8,,
72063,4.1,,
72065,7.7,,
72067,4.7,,
72069,6.8,,
72071,6.9,,
72073,9.7,,
72075,7.3,,
72077,6.3,,
72079,9.3,,
72081,10.0,,
72083,9.5,,
72085,6.4,,
72087,5.1,,
72089,6.4,,
72091,5.8,,
72093,9.1,,
72095,12.7,,
72097,6.8,,
72099,7.8,,
72101,7.0,,
72103,5.9,,
72105,6.6,,
72107,8.7,,
72109,10.1,,
72111,10.3,,
72113,6.9,,
72115,7.3,,
72117,9.9,,
72119,4.8,,
72121,8.3,,
72123,9.1,,
72125,7.8,,
72127,4.2,,
72129,6.3,,
72131,9.4,,
72133,8.5,,
72135,4.2,,
72137,4.1,,
72139,2.7,,
72141,8.5,,
72143,5.5,,
72145,7.4,,
72147,4.3,,
72149,10.6,,
72151,8.4,,
72153,11.5,,